date,open,high,low,close,price_change_pct,volume,turnover,year,eps,pe-ratio,roe,dividend
2022-01-02,255.0,259.5,252.0,255.9,0.35,103935.0,26628626.3,2022,4.48,42.15,4.16,5.26
2022-01-03,259.9,262.0,256.0,256.0,0.04,97521.0,25274719.9,2022,4.48,42.15,4.16,5.26
2022-01-04,261.0,265.0,252.9,264.0,3.13,143713.0,37295944.3,2022,4.48,42.15,4.16,5.26
2022-01-05,269.2,279.0,265.0,268.2,1.59,390859.0,106501656.8,2022,4.48,42.15,4.16,5.26
2022-01-06,268.2,276.0,266.0,274.0,2.16,217480.0,59492701.3,2022,4.48,42.15,4.16,5.26
2022-01-09,274.0,299.5,274.0,299.4,9.27,543960.0,156671774.3,2022,4.48,42.15,4.16,5.26
2022-01-10,305.0,318.0,301.0,313.9,4.84,677824.0,210374664.9,2022,4.48,42.15,4.16,5.26
2022-01-11,320.0,320.0,306.0,314.5,0.19,341447.0,107195143.8,2022,4.48,42.15,4.16,5.26
2022-01-12,314.5,340.0,309.0,324.0,3.02,844610.0,276199899.7,2022,4.48,42.15,4.16,5.26
2022-01-13,330.0,339.5,321.0,337.6,4.2,660248.0,219464668.2,2022,4.48,42.15,4.16,5.26
2022-01-16,344.3,355.0,339.0,344.0,1.9,668394.0,232132304.7,2022,4.48,42.15,4.16,5.26
2022-01-17,344.0,349.0,335.1,340.5,-1.02,458636.0,156270411.6,2022,4.48,42.15,4.16,5.26
2022-01-18,340.5,345.0,320.1,330.0,-3.08,464935.0,154223716.8,2022,4.48,42.15,4.16,5.26
2022-01-19,333.0,333.0,318.0,321.5,-2.58,473565.0,153152070.6,2022,4.48,42.15,4.16,5.26
2022-01-20,327.0,336.8,316.3,336.5,4.67,397574.0,130602985.2,2022,4.48,42.15,4.16,5.26
2022-01-23,340.0,342.5,325.9,328.0,-2.53,374635.0,124825122.6,2022,4.48,42.15,4.16,5.26
2022-01-24,326.0,328.0,312.0,317.0,-3.35,589611.0,187710980.6,2022,4.48,42.15,4.16,5.26
2022-01-25,323.3,324.0,311.0,314.6,-0.76,363571.0,115342819.9,2022,4.48,42.15,4.16,5.26
2022-01-26,320.0,320.0,306.1,308.0,-2.1,317925.0,98680958.0,2022,4.48,42.15,4.16,5.26
2022-01-27,310.0,314.0,309.0,310.0,0.65,271564.0,84496642.4,2022,4.48,42.15,4.16,5.26
2022-01-30,316.2,334.0,316.2,332.5,7.26,703616.0,230398376.8,2022,4.48,42.15,4.16,5.26
2022-01-31,339.1,365.0,335.0,357.0,7.37,1636783.0,571278639.7,2022,4.48,42.15,4.16,5.26
2022-02-01,362.0,366.0,349.0,358.5,0.42,833880.0,300484395.0,2022,4.48,42.15,4.16,5.26
2022-02-03,360.0,366.0,350.0,350.0,-2.37,681834.0,243735136.7,2022,4.48,42.15,4.16,5.26
2022-02-06,355.0,355.0,336.0,336.9,-3.74,601352.0,204726383.9,2022,4.48,42.15,4.16,5.26
2022-02-07,330.2,354.0,330.2,350.1,3.92,618812.0,214438632.3,2022,4.48,42.15,4.16,5.26
2022-02-08,357.1,361.9,336.0,340.0,-2.88,862340.0,301251352.0,2022,4.48,42.15,4.16,5.26
2022-02-09,338.0,342.0,331.0,335.1,-1.44,329960.0,110263744.5,2022,4.48,42.15,4.16,5.26
2022-02-10,341.8,343.7,330.1,335.0,-0.03,409300.0,137617821.2,2022,4.48,42.15,4.16,5.26
2022-02-13,328.3,328.4,312.0,317.9,-5.1,527946.0,168881264.8,2022,4.48,42.15,4.16,5.26
2022-02-14,318.0,326.9,315.0,318.2,0.09,326690.0,105131172.6,2022,4.48,42.15,4.16,5.26
2022-02-15,324.0,330.0,319.0,329.6,3.58,289771.0,94062890.3,2022,4.48,42.15,4.16,5.26
2022-02-16,330.0,336.0,318.7,322.0,-2.31,224170.0,72597064.0,2022,4.48,42.15,4.16,5.26
2022-02-17,326.0,328.0,317.0,318.5,-1.09,153727.0,49067033.7,2022,4.48,42.15,4.16,5.26
2022-02-20,312.2,320.9,306.0,314.1,-1.38,293998.0,92789488.9,2022,4.48,42.15,4.16,5.26
2022-02-21,319.7,320.0,313.0,316.0,0.6,160337.0,50691112.9,2022,4.48,42.15,4.16,5.26
2022-02-22,319.9,322.0,314.0,315.0,-0.32,219278.0,69723833.4,2022,4.48,42.15,4.16,5.26
2022-02-23,315.0,320.5,314.0,315.0,0.0,255502.0,80869389.5,2022,4.48,42.15,4.16,5.26
2022-02-24,315.0,315.0,305.0,307.0,-2.54,343057.0,105962438.2,2022,4.48,42.15,4.16,5.26
2022-02-27,302.0,315.0,302.0,309.2,0.72,195628.0,60681603.5,2022,4.48,42.15,4.16,5.26
2022-02-28,315.3,322.0,299.9,302.0,-2.33,276018.0,84952979.4,2022,4.48,42.15,4.16,5.26
2022-03-02,305.0,305.0,288.0,289.0,-4.3,293199.0,86091801.0,2022,4.48,42.15,4.16,5.26
2022-03-06,290.0,298.0,284.6,289.0,0.0,190840.0,55499776.0,2022,4.48,42.15,4.16,5.26
2022-03-07,290.0,295.0,285.5,285.9,-1.07,135130.0,39110554.3,2022,4.48,42.15,4.16,5.26
2022-03-09,291.6,291.6,275.5,278.1,-2.73,147490.0,41292596.7,2022,4.48,42.15,4.16,5.26
2022-03-10,281.0,295.5,275.0,295.0,6.08,187987.0,53719957.7,2022,4.48,42.15,4.16,5.26
2022-03-13,300.0,308.0,295.1,307.0,4.07,267687.0,81348099.2,2022,4.48,42.15,4.16,5.26
2022-03-14,313.1,313.1,298.0,304.0,-0.98,66296.0,20234335.1,2022,4.48,42.15,4.16,5.26
2022-03-15,304.0,308.0,299.0,300.0,-1.32,129717.0,39050322.1,2022,4.48,42.15,4.16,5.26
2022-03-16,300.0,306.0,295.0,296.0,-1.33,86403.0,25678749.8,2022,4.48,42.15,4.16,5.26
2022-03-20,301.6,306.0,295.0,296.0,0.0,76270.0,22619619.3,2022,4.48,42.15,4.16,5.26
2022-03-21,300.0,306.0,293.0,302.0,2.03,134483.0,40339799.8,2022,4.48,42.15,4.16,5.26
2022-03-22,307.0,308.0,300.0,301.1,-0.3,102825.0,31182542.7,2022,4.48,42.15,4.16,5.26
2022-03-23,302.0,302.0,297.3,298.1,-1.0,54842.0,16392204.8,2022,4.48,42.15,4.16,5.26
2022-03-24,296.5,300.0,291.0,291.8,-2.11,112781.0,33192844.7,2022,4.48,42.15,4.16,5.26
2022-03-27,294.1,300.0,282.4,283.8,-2.74,160678.0,46024449.1,2022,4.48,42.15,4.16,5.26
2022-03-28,284.0,286.5,279.0,279.6,-1.48,129474.0,36429446.7,2022,4.48,42.15,4.16,5.26
2022-03-29,281.0,285.0,277.0,279.3,-0.11,92772.0,26034588.9,2022,4.48,42.15,4.16,5.26
2022-03-30,281.0,294.2,278.0,291.0,4.19,167666.0,47598160.6,2022,4.48,42.15,4.16,5.26
2022-03-31,295.0,296.8,283.0,283.0,-2.75,87544.0,25149834.2,2022,4.48,42.15,4.16,5.26
2022-04-03,283.0,283.0,275.0,279.0,-1.41,79627.0,22208086.4,2022,4.48,42.15,4.16,5.26
2022-04-04,280.0,284.0,274.0,276.1,-1.04,67259.0,18677210.8,2022,4.48,42.15,4.16,5.26
2022-04-05,276.0,276.0,268.0,271.0,-1.85,149681.0,40557972.6,2022,4.48,42.15,4.16,5.26
2022-04-06,270.0,276.0,264.0,266.2,-1.77,88976.0,23866585.5,2022,4.48,42.15,4.16,5.26
2022-04-07,269.0,275.0,264.0,270.0,1.43,156189.0,42215168.8,2022,4.48,42.15,4.16,5.26
2022-04-11,275.0,280.8,264.1,264.3,-2.11,141827.0,38351469.6,2022,4.48,42.15,4.16,5.26
2022-04-12,269.0,269.0,255.0,257.0,-2.76,98943.0,25528916.5,2022,4.48,42.15,4.16,5.26
2022-04-13,260.0,261.0,252.0,260.0,1.17,93614.0,24119736.0,2022,4.48,42.15,4.16,5.26
2022-04-17,263.0,265.0,252.0,253.0,-2.69,101241.0,26054642.3,2022,4.48,42.15,4.16,5.26
2022-04-18,253.1,256.0,245.0,246.0,-2.77,116538.0,28862593.0,2022,4.48,42.15,4.16,5.26
2022-04-19,250.0,255.0,239.3,247.9,0.77,77125.0,19096713.3,2022,4.48,42.15,4.16,5.26
2022-04-20,250.0,251.9,241.0,242.0,-2.38,73988.0,18085878.1,2022,4.48,42.15,4.16,5.26
2022-04-21,242.0,246.5,236.2,242.0,0.0,71656.0,17175270.1,2022,4.48,42.15,4.16,5.26
2022-04-24,246.0,266.2,242.1,264.0,9.09,192612.0,49603892.5,2022,4.48,42.15,4.16,5.26
2022-04-25,266.0,270.0,254.0,259.0,-1.89,173353.0,45760159.5,2022,4.48,42.15,4.16,5.26
2022-04-26,256.0,263.8,253.2,254.0,-1.93,62261.0,15992500.3,2022,4.48,42.15,4.16,5.26
2022-04-27,254.0,257.0,250.0,257.0,1.18,97593.0,24723790.9,2022,4.48,42.15,4.16,5.26
2022-04-28,260.0,262.0,252.0,253.0,-1.56,70526.0,18007729.2,2022,4.48,42.15,4.16,5.26
2022-05-02,249.0,250.0,244.1,247.0,-2.37,82139.0,20210063.0,2022,4.48,42.15,4.16,5.26
2022-05-04,247.0,249.0,239.0,241.0,-2.43,74916.0,18120714.5,2022,4.48,42.15,4.16,5.26
2022-05-05,240.0,245.0,235.5,236.5,-1.87,86208.0,20428821.5,2022,4.48,42.15,4.16,5.26
2022-05-08,240.0,247.0,229.5,239.0,1.06,77882.0,18232317.7,2022,4.48,42.15,4.16,5.26
2022-05-09,242.0,246.0,238.3,240.0,0.42,69848.0,16905973.2,2022,4.48,42.15,4.16,5.26
2022-05-10,243.0,250.9,238.0,249.0,3.75,94304.0,23122238.4,2022,4.48,42.15,4.16,5.26
2022-05-11,251.0,259.9,250.0,259.9,4.38,122944.0,31466045.8,2022,4.48,42.15,4.16,5.26
2022-05-12,265.0,266.0,252.9,253.0,-2.65,113243.0,29195701.9,2022,4.48,42.15,4.16,5.26
2022-05-17,248.0,252.0,238.0,240.0,-5.14,119012.0,28832150.5,2022,4.48,42.15,4.16,5.26
2022-05-18,240.0,247.8,235.2,244.5,1.88,52973.0,12780593.0,2022,4.48,42.15,4.16,5.26
2022-05-19,244.5,247.5,239.0,239.1,-2.21,51206.0,12381436.3,2022,4.48,42.15,4.16,5.26
2022-05-20,238.0,243.0,237.0,238.5,-0.25,44255.0,10566576.1,2022,4.48,42.15,4.16,5.26
2022-05-23,240.0,240.0,228.7,234.9,-1.51,68273.0,15923416.2,2022,4.48,42.15,4.16,5.26
2022-05-24,234.3,241.9,230.0,236.0,0.47,54485.0,12925401.0,2022,4.48,42.15,4.16,5.26
2022-05-25,240.7,241.0,236.5,237.5,0.64,34804.0,8301853.8,2022,4.48,42.15,4.16,5.26
2022-05-26,236.0,240.0,235.2,236.1,-0.59,41079.0,9749287.2,2022,4.48,42.15,4.16,5.26
2022-05-27,231.4,244.0,231.4,235.0,-0.47,55146.0,12950937.2,2022,4.48,42.15,4.16,5.26
2022-05-30,238.0,239.7,230.0,231.0,-1.7,54334.0,12617265.1,2022,4.48,42.15,4.16,5.26
2022-05-31,230.0,235.6,225.5,227.0,-1.73,77877.0,17756753.6,2022,4.48,42.15,4.16,5.26
2022-06-01,231.5,232.1,223.0,226.0,-0.44,47196.0,10660764.1,2022,4.48,42.15,4.16,5.26
2022-06-02,227.0,230.0,225.0,227.0,0.44,53609.0,12203949.5,2022,4.48,42.15,4.16,5.26
2022-06-03,227.0,227.2,222.0,222.1,-2.16,55559.0,12438666.3,2022,4.48,42.15,4.16,5.26
2022-06-06,226.3,230.0,220.1,221.5,-0.27,50403.0,11237334.2,2022,4.48,42.15,4.16,5.26
2022-06-07,219.1,224.0,215.0,216.0,-2.48,76840.0,16766057.7,2022,4.48,42.15,4.16,5.26
2022-06-08,216.0,230.0,215.0,223.0,3.24,65921.0,14695128.5,2022,4.48,42.15,4.16,5.26
2022-06-09,226.0,229.8,219.0,221.0,-0.9,64569.0,14480897.1,2022,4.48,42.15,4.16,5.26
2022-06-10,225.0,225.0,216.2,218.0,-1.36,45356.0,9897994.8,2022,4.48,42.15,4.16,5.26
2022-06-13,218.0,220.8,215.7,216.1,-0.87,27696.0,6022721.7,2022,4.48,42.15,4.16,5.26
2022-06-14,216.0,216.0,209.8,211.9,-1.94,55652.0,11769533.5,2022,4.48,42.15,4.16,5.26
2022-06-15,211.9,211.9,202.9,205.0,-3.26,74253.0,15257469.6,2022,4.48,42.15,4.16,5.26
2022-06-16,205.0,209.0,198.0,202.0,-1.46,93122.0,18985278.6,2022,4.48,42.15,4.16,5.26
2022-06-17,205.0,206.0,200.5,202.0,0.0,35993.0,7314331.9,2022,4.48,42.15,4.16,5.26
2022-06-19,202.0,202.0,195.1,195.1,-3.42,59564.0,11765159.3,2022,4.48,42.15,4.16,5.26
2022-06-20,195.0,195.0,185.1,186.0,-4.66,131527.0,24649319.9,2022,4.48,42.15,4.16,5.26
2022-06-21,184.0,200.0,181.0,193.0,3.76,101311.0,19460573.8,2022,4.48,42.15,4.16,5.26
2022-06-22,193.0,195.0,188.0,190.0,-1.55,48776.0,9245936.7,2022,4.48,42.15,4.16,5.26
2022-06-23,186.2,189.0,180.0,181.0,-4.74,114989.0,20909658.0,2022,4.48,42.15,4.16,5.26
2022-06-24,179.0,189.0,173.0,182.0,0.55,62827.0,11255874.6,2022,4.48,42.15,4.16,5.26
2022-06-26,185.0,200.2,185.0,200.2,10.0,188008.0,36285566.1,2022,4.48,42.15,4.16,5.26
2022-06-27,204.2,212.1,197.0,200.3,0.05,214337.0,43867300.5,2022,4.48,42.15,4.16,5.26
2022-06-28,200.3,200.3,192.4,195.2,-2.55,66602.0,13078991.9,2022,4.48,42.15,4.16,5.26
2022-06-29,199.1,208.0,190.0,205.0,5.02,100964.0,20350113.7,2022,4.48,42.15,4.16,5.26
2022-06-30,209.0,214.9,201.0,212.0,3.41,173254.0,36449710.8,2022,4.48,42.15,4.16,5.26
2022-07-01,212.0,216.0,206.0,209.8,-1.04,73187.0,15418415.2,2022,4.48,42.15,4.16,5.26
2022-07-03,206.0,217.0,206.0,214.9,2.43,125158.0,26603861.2,2022,4.48,42.15,4.16,5.26
2022-07-04,219.0,235.0,212.7,217.5,1.21,285855.0,63531458.2,2022,4.48,42.15,4.16,5.26
2022-07-05,221.8,224.4,208.0,209.0,-3.91,130522.0,27919091.0,2022,4.48,42.15,4.16,5.26
2022-07-06,213.1,213.5,202.1,209.0,0.0,114594.0,23833268.0,2022,4.48,42.15,4.16,5.26
2022-07-07,213.1,219.9,206.8,206.8,-1.05,94290.0,19820529.5,2022,4.48,42.15,4.16,5.26
2022-07-08,210.9,213.0,202.0,204.0,-1.35,64813.0,13204472.8,2022,4.48,42.15,4.16,5.26
2022-07-11,204.0,204.0,190.0,192.0,-5.88,151090.0,29493805.2,2022,4.48,42.15,4.16,5.26
2022-07-12,190.0,199.0,190.0,193.9,0.99,88495.0,17269072.6,2022,4.48,42.15,4.16,5.26
2022-07-13,197.7,203.0,194.1,203.0,4.69,125437.0,25045077.3,2022,4.48,42.15,4.16,5.26
2022-07-14,207.0,210.0,199.5,202.0,-0.49,104381.0,21175050.1,2022,4.48,42.15,4.16,5.26
2022-07-15,205.9,205.9,198.0,200.0,-0.99,51048.0,10203224.4,2022,4.48,42.15,4.16,5.26
2022-07-17,204.0,204.0,197.0,201.0,0.5,46819.0,9376223.8,2022,4.48,42.15,4.16,5.26
2022-07-18,201.5,205.0,198.2,202.9,0.95,50434.0,10173272.9,2022,4.48,42.15,4.16,5.26
2022-07-19,198.9,208.8,198.9,203.1,0.1,96075.0,19735893.2,2022,4.48,42.15,4.16,5.26
2022-07-20,203.0,207.0,200.0,204.5,0.69,70942.0,14500701.6,2022,4.48,42.15,4.16,5.26
2022-07-21,204.5,205.0,201.0,202.4,-1.03,51236.0,10392051.2,2022,4.48,42.15,4.16,5.26
2022-07-22,200.0,202.5,198.0,199.0,-1.68,84964.0,16994668.1,2022,4.48,42.15,4.16,5.26
2022-07-24,202.9,209.1,200.2,208.0,4.52,164387.0,33714297.6,2022,4.48,42.15,4.16,5.26
2022-07-25,212.0,216.2,209.1,216.0,3.85,166133.0,35547295.3,2022,4.48,42.15,4.16,5.26
2022-07-26,217.0,220.0,208.0,208.1,-3.66,188378.0,39975400.4,2022,4.48,42.15,4.16,5.26
2022-07-27,210.0,212.1,203.9,211.0,1.39,159697.0,33346075.6,2022,4.48,42.15,4.16,5.26
2022-07-28,214.9,219.0,210.0,212.0,0.47,248450.0,53292583.0,2022,4.48,42.15,4.16,5.26
2022-07-29,212.0,215.0,210.0,210.3,-0.8,66384.0,14022174.8,2022,4.48,42.15,4.16,5.26
2022-07-31,214.0,225.0,210.0,224.7,6.85,363358.0,79315512.9,2022,4.48,42.15,4.16,5.26
2022-08-01,229.0,243.3,220.2,236.1,5.07,586248.0,137670704.9,2022,4.48,42.15,4.16,5.26
2022-08-02,236.1,242.0,232.5,236.0,-0.04,248278.0,58675308.9,2022,4.48,42.15,4.16,5.26
2022-08-03,240.0,245.0,235.0,236.7,0.3,303899.0,72974627.1,2022,4.48,42.15,4.16,5.26
2022-08-04,239.0,240.0,227.4,228.0,-3.68,266957.0,61914402.2,2022,4.48,42.15,4.16,5.26
2022-08-05,230.0,230.0,219.0,220.1,-3.46,179298.0,39930216.8,2022,4.48,42.15,4.16,5.26
2022-08-07,217.0,227.0,217.0,222.0,0.86,170693.0,37849696.6,2022,4.48,42.15,4.16,5.26
2022-08-08,223.0,224.9,215.0,217.0,-2.25,245436.0,53703754.9,2022,4.48,42.15,4.16,5.26
2022-08-09,220.0,220.0,208.1,209.4,-3.5,219380.0,46374558.6,2022,4.48,42.15,4.16,5.26
2022-08-10,211.9,212.0,204.0,207.9,-0.72,103559.0,21583865.3,2022,4.48,42.15,4.16,5.26
2022-08-11,211.0,212.0,204.0,205.0,-1.39,120233.0,24871623.6,2022,4.48,42.15,4.16,5.26
2022-08-14,206.0,210.0,200.0,201.9,-1.51,160174.0,32492664.3,2022,4.48,42.15,4.16,5.26
2022-08-15,201.9,214.0,201.0,214.0,5.99,153670.0,32136362.6,2022,4.48,42.15,4.16,5.26
2022-08-16,218.2,222.0,208.0,209.0,-2.34,165060.0,35305116.0,2022,4.48,42.15,4.16,5.26
2022-08-17,213.0,213.0,206.1,207.9,-0.53,58107.0,12153816.0,2022,4.48,42.15,4.16,5.26
2022-08-18,208.0,213.0,208.0,212.6,2.26,99406.0,21000638.7,2022,4.48,42.15,4.16,5.26
2022-08-21,212.0,215.0,208.9,209.0,-1.69,74996.0,15853149.7,2022,4.48,42.15,4.16,5.26
2022-08-22,212.0,212.0,206.1,207.5,-0.72,55244.0,11488174.5,2022,4.48,42.15,4.16,5.26
2022-08-23,206.0,210.0,206.0,208.0,0.24,43207.0,8978585.0,2022,4.48,42.15,4.16,5.26
2022-08-24,208.0,211.0,207.0,207.0,-0.48,49715.0,10363826.6,2022,4.48,42.15,4.16,5.26
2022-08-25,207.0,211.0,204.1,205.0,-0.97,68338.0,14110516.3,2022,4.48,42.15,4.16,5.26
2022-08-26,205.0,205.0,200.0,202.5,-1.22,78494.0,15851293.3,2022,4.48,42.15,4.16,5.26
2022-08-28,202.5,203.8,196.0,196.0,-3.21,139016.0,27663564.4,2022,4.48,42.15,4.16,5.26
2022-08-29,196.0,198.0,192.0,195.9,-0.05,121607.0,23712922.4,2022,4.48,42.15,4.16,5.26
2022-08-30,199.8,201.0,196.0,196.8,0.46,62915.0,12446298.4,2022,4.48,42.15,4.16,5.26
2022-08-31,198.0,199.0,193.0,193.6,-1.63,49682.0,9667166.8,2022,4.48,42.15,4.16,5.26
2022-09-01,193.0,196.0,190.6,194.1,0.26,72459.0,13988648.1,2022,4.48,42.15,4.16,5.26
2022-09-02,191.5,197.8,191.5,193.9,-0.1,22787.0,4422620.1,2022,4.48,42.15,4.16,5.26
2022-09-04,196.0,198.0,192.5,194.9,0.52,44319.0,8622389.4,2022,4.48,42.15,4.16,5.26
2022-09-05,197.0,197.0,192.5,193.0,-0.97,40174.0,7781185.6,2022,4.48,42.15,4.16,5.26
2022-09-06,194.0,195.0,189.5,191.0,-1.04,77559.0,14755912.3,2022,4.48,42.15,4.16,5.26
2022-09-07,193.0,193.0,188.0,189.0,-1.05,35974.0,6785694.5,2022,4.48,42.15,4.16,5.26
2022-09-08,191.9,191.9,185.1,189.0,0.0,62587.0,11804760.4,2022,4.48,42.15,4.16,5.26
2022-09-11,191.0,192.7,185.5,186.0,-1.59,41781.0,7887524.7,2022,4.48,42.15,4.16,5.26
2022-09-12,186.0,189.0,183.0,184.1,-1.02,41751.0,7717392.8,2022,4.48,42.15,4.16,5.26
2022-09-13,183.0,190.0,181.0,188.0,2.12,52919.0,9932201.5,2022,4.48,42.15,4.16,5.26
2022-09-14,190.0,197.4,190.0,196.8,4.68,84374.0,16380589.2,2022,4.48,42.15,4.16,5.26
2022-09-15,196.8,199.5,186.4,187.8,-4.57,92120.0,17628859.0,2022,4.48,42.15,4.16,5.26
2022-09-16,188.0,188.0,177.0,184.5,-1.76,62380.0,11449929.4,2022,4.48,42.15,4.16,5.26
2022-09-18,187.0,188.0,178.0,179.9,-2.49,95219.0,17125519.1,2022,4.48,42.15,4.16,5.26
2022-09-20,179.9,179.9,173.0,174.5,-3.0,85875.0,14993337.4,2022,4.48,42.15,4.16,5.26
2022-09-21,174.0,180.0,174.0,175.8,0.74,57815.0,10241932.7,2022,4.48,42.15,4.16,5.26
2022-09-22,175.0,177.6,172.4,173.5,-1.31,46079.0,8035799.1,2022,4.48,42.15,4.16,5.26
2022-09-25,173.0,173.0,166.9,168.0,-3.17,79516.0,13408492.3,2022,4.48,42.15,4.16,5.26
2022-09-27,170.0,173.4,167.0,167.3,-0.42,37389.0,6328716.7,2022,4.48,42.15,4.16,5.26
2022-09-28,166.0,173.0,165.1,166.5,-0.48,37012.0,6199474.9,2022,4.48,42.15,4.16,5.26
2022-09-29,169.0,171.0,167.5,170.0,2.1,34696.0,5881148.7,2022,4.48,42.15,4.16,5.26
2022-10-09,168.0,177.9,168.0,175.0,2.94,69205.0,11891040.4,2022,4.48,42.15,4.16,5.26
2022-10-10,178.5,180.0,170.6,172.0,-1.71,38002.0,6625033.4,2022,4.48,42.15,4.16,5.26
2022-10-11,169.0,171.0,168.8,169.1,-1.69,29151.0,4942282.5,2022,4.48,42.15,4.16,5.26
2022-10-12,172.0,172.0,168.0,170.0,0.53,38888.0,6613639.6,2022,4.48,42.15,4.16,5.26
2022-10-13,172.0,173.0,170.0,172.0,1.18,42807.0,7343238.2,2022,4.48,42.15,4.16,5.26
2022-10-16,175.0,175.0,168.0,168.9,-1.8,44649.0,7553520.2,2022,4.48,42.15,4.16,5.26
2022-10-17,170.0,170.0,167.0,167.9,-0.59,27392.0,4606290.9,2022,4.48,42.15,4.16,5.26
2022-10-19,168.0,170.9,164.0,164.0,-2.32,58408.0,9692988.4,2022,4.48,42.15,4.16,5.26
2022-10-20,167.2,167.2,161.8,164.0,0.0,46511.0,7596666.3,2022,4.48,42.15,4.16,5.26
2022-10-23,164.0,165.9,163.0,165.5,0.91,19794.0,3258657.9,2022,4.48,42.15,4.16,5.26
2022-10-31,166.0,168.0,159.8,164.0,-0.91,66214.0,10852484.0,2022,4.48,42.15,4.16,5.26
2022-11-01,167.0,172.1,162.5,172.0,4.88,137208.0,23087649.8,2022,4.48,42.15,4.16,5.26
2022-11-02,174.8,177.4,170.0,173.0,0.58,83174.0,14434841.9,2022,4.48,42.15,4.16,5.26
2022-11-03,175.9,175.9,170.0,173.0,0.0,27549.0,4735148.5,2022,4.48,42.15,4.16,5.26
2022-11-06,172.0,177.0,168.6,176.9,2.25,78892.0,13732343.7,2022,4.48,42.15,4.16,5.26
2022-11-07,175.0,184.6,175.0,177.0,0.06,101984.0,18350508.5,2022,4.48,42.15,4.16,5.26
2022-11-08,179.9,180.0,175.0,177.0,0.0,54593.0,9680738.9,2022,4.48,42.15,4.16,5.26
2022-11-09,179.0,179.0,170.0,170.1,-3.9,57750.0,9973205.9,2022,4.48,42.15,4.16,5.26
2022-11-10,172.0,173.0,165.5,167.0,-1.82,60158.0,10134925.5,2022,4.48,42.15,4.16,5.26
2022-11-13,164.1,169.0,164.1,166.1,-0.54,39588.0,6588806.4,2022,4.48,42.15,4.16,5.26
2022-11-14,166.1,170.0,165.0,169.0,1.75,27196.0,4564309.6,2022,4.48,42.15,4.16,5.26
2022-11-15,169.0,172.9,167.0,168.5,-0.3,41220.0,6981026.4,2022,4.48,42.15,4.16,5.26
2022-11-16,168.5,172.0,168.0,170.9,1.42,38237.0,6507535.7,2022,4.48,42.15,4.16,5.26
2022-11-17,173.0,178.5,171.0,175.0,2.4,84346.0,14709817.4,2022,4.48,42.15,4.16,5.26
2022-11-22,175.1,181.9,172.0,173.3,-0.97,39559.0,6950173.5,2022,4.48,42.15,4.16,5.26
2022-11-23,173.0,173.0,170.0,172.8,-0.29,24409.0,4189896.4,2022,4.48,42.15,4.16,5.26
2022-11-24,172.8,175.0,170.0,175.0,1.27,66493.0,11388198.3,2022,4.48,42.15,4.16,5.26
2022-11-27,174.0,176.0,172.2,174.9,-0.06,40751.0,7080020.0,2022,4.48,42.15,4.16,5.26
2022-11-28,176.0,178.0,171.9,172.0,-1.66,52479.0,9106790.6,2022,4.48,42.15,4.16,5.26
2022-11-29,170.0,173.0,170.0,172.0,0.0,36455.0,6249217.8,2022,4.48,42.15,4.16,5.26
2022-11-30,175.0,175.0,170.3,171.8,-0.12,20463.0,3510945.0,2022,4.48,42.15,4.16,5.26
2022-12-01,172.0,174.0,170.5,170.5,-0.76,34471.0,5940751.7,2022,4.48,42.15,4.16,5.26
2022-12-04,171.0,173.0,170.0,170.5,0.0,40562.0,6947769.4,2022,4.48,42.15,4.16,5.26
2022-12-05,173.0,173.0,168.0,169.0,-0.88,41412.0,7033647.5,2022,4.48,42.15,4.16,5.26
2022-12-06,169.0,170.0,166.2,167.5,-0.89,44694.0,7488809.6,2022,4.48,42.15,4.16,5.26
2022-12-07,167.5,169.0,166.2,167.0,-0.3,24352.0,4073254.9,2022,4.48,42.15,4.16,5.26
2022-12-11,169.9,169.9,164.0,165.0,-1.2,40509.0,6685785.0,2022,4.48,42.15,4.16,5.26
2022-12-12,168.0,168.0,162.0,166.0,0.61,49906.0,8234232.7,2022,4.48,42.15,4.16,5.26
2022-12-13,167.0,168.0,165.0,165.5,-0.3,23059.0,3829226.7,2022,4.48,42.15,4.16,5.26
2022-12-14,166.0,166.9,163.0,165.1,-0.24,22831.0,3775649.2,2022,4.48,42.15,4.16,5.26
2022-12-15,168.0,172.0,164.3,164.9,-0.12,50857.0,8453544.1,2022,4.48,42.15,4.16,5.26
2022-12-18,165.0,167.0,161.0,162.2,-1.64,38811.0,6314035.2,2022,4.48,42.15,4.16,5.26
2022-12-19,160.0,165.0,160.0,163.0,0.49,29109.0,4742809.2,2022,4.48,42.15,4.16,5.26
2022-12-20,165.0,165.4,162.5,164.7,1.04,21607.0,3543452.9,2022,4.48,42.15,4.16,5.26
2022-12-21,164.0,165.0,163.1,163.5,-0.73,27880.0,4570413.2,2022,4.48,42.15,4.16,5.26
2022-12-22,163.5,163.9,161.9,163.0,-0.31,31662.0,5138454.9,2022,4.48,42.15,4.16,5.26
2022-12-26,166.2,173.9,166.0,172.5,5.83,97343.0,16560588.2,2022,4.48,42.15,4.16,5.26
2022-12-27,173.0,189.7,173.0,188.6,9.33,281854.0,52270398.3,2022,4.48,42.15,4.16,5.26
2022-12-28,192.3,195.0,183.1,186.0,-1.38,249723.0,47122316.0,2022,4.48,42.15,4.16,5.26
2022-12-29,180.0,185.0,177.0,184.9,4.38,150670.0,27376199.4,2022,4.48,42.15,4.16,5.26
2023-01-01,188.5,192.0,186.1,189.0,2.22,171337.0,32487219.4,2023,5.89,30.56,5.35,5.26
2023-01-02,190.0,190.0,185.3,188.4,-0.32,99582.0,18714790.6,2023,5.89,30.56,5.35,5.26
2023-01-03,192.0,192.0,184.5,186.0,-1.27,98804.0,18448121.6,2023,5.89,30.56,5.35,5.26
2023-01-04,188.0,198.0,184.7,195.4,5.05,177605.0,33855673.3,2023,5.89,30.56,5.35,5.26
2023-01-05,199.3,207.0,196.0,200.0,2.35,182922.0,36673249.7,2023,5.89,30.56,5.35,5.26
2023-01-08,204.0,215.0,196.0,206.0,3.0,324727.0,66517256.4,2023,5.89,30.56,5.35,5.26
2023-01-09,203.0,220.0,203.0,219.9,6.75,385318.0,82753095.9,2023,5.89,30.56,5.35,5.26
2023-01-10,224.0,240.0,210.8,224.0,1.86,628555.0,144531698.5,2023,5.89,30.56,5.35,5.26
2023-01-12,228.0,236.1,211.5,215.5,-3.79,429072.0,95223858.2,2023,5.89,30.56,5.35,5.26
2023-01-17,216.0,224.0,209.0,222.1,3.06,319642.0,69859238.8,2023,5.89,30.56,5.35,5.26
2023-01-18,222.0,228.0,217.0,218.1,-1.8,248127.0,54995692.2,2023,5.89,30.56,5.35,5.26
2023-01-19,219.0,224.0,215.0,221.0,1.33,211450.0,46528380.1,2023,5.89,30.56,5.35,5.26
2023-01-23,224.0,224.0,214.0,215.4,-2.53,165290.0,35923479.5,2023,5.89,30.56,5.35,5.26
2023-01-24,216.0,216.0,208.1,214.0,-0.65,147360.0,31166693.3,2023,5.89,30.56,5.35,5.26
2023-01-25,215.0,218.0,212.0,212.1,-0.89,126659.0,27192031.4,2023,5.89,30.56,5.35,5.26
2023-01-26,214.0,216.1,211.1,212.0,-0.05,117657.0,25122812.4,2023,5.89,30.56,5.35,5.26
2023-01-29,212.0,215.0,208.0,209.0,-1.42,151096.0,31700217.7,2023,5.89,30.56,5.35,5.26
2023-01-30,211.0,211.0,200.1,202.0,-3.35,170459.0,34920409.9,2023,5.89,30.56,5.35,5.26
2023-01-31,200.0,205.0,197.0,200.0,-0.99,169986.0,34103225.0,2023,5.89,30.56,5.35,5.26
2023-02-01,202.0,202.0,197.3,198.5,-0.75,85114.0,17007070.7,2023,5.89,30.56,5.35,5.26
2023-02-02,200.0,202.0,195.0,195.3,-1.61,110421.0,21772854.1,2023,5.89,30.56,5.35,5.26
2023-02-05,197.9,203.0,195.4,197.0,0.87,136600.0,27183814.1,2023,5.89,30.56,5.35,5.26
2023-02-06,198.0,200.0,196.0,197.0,0.0,81439.0,16117161.8,2023,5.89,30.56,5.35,5.26
2023-02-07,199.9,214.0,199.0,214.0,8.63,255789.0,52937067.6,2023,5.89,30.56,5.35,5.26
2023-02-08,218.0,224.0,211.7,214.9,0.42,316114.0,68777455.6,2023,5.89,30.56,5.35,5.26
2023-02-09,216.0,218.0,211.0,217.1,1.02,155488.0,33439662.9,2023,5.89,30.56,5.35,5.26
2023-02-12,215.0,215.0,203.0,204.9,-5.62,267723.0,55903534.8,2023,5.89,30.56,5.35,5.26
2023-02-14,204.9,208.0,203.0,203.8,-0.54,96273.0,19768159.1,2023,5.89,30.56,5.35,5.26
2023-02-15,203.0,207.5,202.0,203.5,-0.15,95852.0,19550631.6,2023,5.89,30.56,5.35,5.26
2023-02-16,203.0,206.0,198.9,199.0,-2.21,133965.0,26840771.4,2023,5.89,30.56,5.35,5.26
2023-02-20,197.5,202.0,197.0,199.0,0.0,114440.0,22783434.7,2023,5.89,30.56,5.35,5.26
2023-02-22,200.0,207.0,200.0,205.0,3.02,88963.0,18212720.3,2023,5.89,30.56,5.35,5.26
2023-02-23,202.5,204.0,198.6,200.0,-2.44,107177.0,21493306.4,2023,5.89,30.56,5.35,5.26
2023-02-26,198.9,201.8,190.0,199.0,-0.5,151085.0,29541733.8,2023,5.89,30.56,5.35,5.26
2023-02-27,202.9,205.0,193.2,196.0,-1.51,141095.0,28074730.1,2023,5.89,30.56,5.35,5.26
2023-02-28,199.8,202.0,196.3,199.0,1.53,85293.0,16984006.2,2023,5.89,30.56,5.35,5.26
2023-03-01,199.3,201.0,195.0,196.0,-1.51,57755.0,11366116.1,2023,5.89,30.56,5.35,5.26
2023-03-02,195.5,196.5,193.0,194.1,-0.97,75535.0,14693374.0,2023,5.89,30.56,5.35,5.26
2023-03-05,195.0,197.0,189.1,191.0,-1.6,88721.0,16954503.0,2023,5.89,30.56,5.35,5.26
2023-03-07,192.6,195.0,191.0,193.0,1.05,50558.0,9771203.9,2023,5.89,30.56,5.35,5.26
2023-03-09,196.8,202.0,195.5,202.0,4.66,100659.0,20055888.4,2023,5.89,30.56,5.35,5.26
2023-03-12,205.0,206.1,196.0,197.0,-2.48,107184.0,21459666.1,2023,5.89,30.56,5.35,5.26
2023-03-13,196.1,198.0,193.7,194.0,-1.52,48468.0,9473436.9,2023,5.89,30.56,5.35,5.26
2023-03-14,197.4,198.0,194.0,194.5,0.26,55336.0,10809513.5,2023,5.89,30.56,5.35,5.26
2023-03-15,195.0,197.0,193.0,193.3,-0.62,47993.0,9341198.8,2023,5.89,30.56,5.35,5.26
2023-03-16,193.4,196.8,192.0,196.5,1.66,51327.0,9996967.1,2023,5.89,30.56,5.35,5.26
2023-03-19,197.0,198.0,195.4,196.0,-0.25,54230.0,10647641.7,2023,5.89,30.56,5.35,5.26
2023-03-20,196.0,199.6,195.0,199.0,1.53,53938.0,10669885.4,2023,5.89,30.56,5.35,5.26
2023-03-22,201.0,202.0,196.0,196.1,-1.46,63760.0,12647632.0,2023,5.89,30.56,5.35,5.26
2023-03-23,196.0,197.8,193.1,194.0,-1.07,54671.0,10648363.1,2023,5.89,30.56,5.35,5.26
2023-03-26,191.1,194.9,191.1,192.0,-1.03,43630.0,8402211.0,2023,5.89,30.56,5.35,5.26
2023-03-27,192.0,196.9,190.0,194.8,1.46,73914.0,14174284.3,2023,5.89,30.56,5.35,5.26
2023-03-28,197.5,199.7,195.0,197.0,1.13,89408.0,17682008.1,2023,5.89,30.56,5.35,5.26
2023-03-29,197.0,197.0,194.0,196.0,-0.51,27643.0,5404646.7,2023,5.89,30.56,5.35,5.26
2023-03-30,192.2,197.8,192.2,193.9,-1.07,40214.0,7838006.6,2023,5.89,30.56,5.35,5.26
2023-04-02,197.7,199.0,191.2,192.9,-0.52,58378.0,11326988.6,2023,5.89,30.56,5.35,5.26
2023-04-03,192.9,192.9,189.6,190.2,-1.4,61676.0,11756991.1,2023,5.89,30.56,5.35,5.26
2023-04-04,190.0,193.0,188.0,189.9,-0.16,48313.0,9206963.9,2023,5.89,30.56,5.35,5.26
2023-04-05,193.5,193.5,187.0,190.0,0.05,42309.0,8023820.5,2023,5.89,30.56,5.35,5.26
2023-04-06,192.0,192.9,187.0,187.1,-1.53,52021.0,9834283.6,2023,5.89,30.56,5.35,5.26
2023-04-09,185.1,188.5,184.0,185.0,-1.12,71080.0,13153256.3,2023,5.89,30.56,5.35,5.26
2023-04-10,183.0,187.0,181.5,184.0,-0.54,45696.0,8424505.9,2023,5.89,30.56,5.35,5.26
2023-04-11,187.6,188.0,183.2,187.9,2.12,48895.0,9080869.5,2023,5.89,30.56,5.35,5.26
2023-04-12,191.6,201.0,190.0,200.5,6.71,141930.0,27911974.2,2023,5.89,30.56,5.35,5.26
2023-04-13,204.5,204.5,194.0,195.0,-2.74,96331.0,19093883.7,2023,5.89,30.56,5.35,5.26
2023-04-16,192.0,198.9,192.0,193.0,-1.03,50821.0,9902464.2,2023,5.89,30.56,5.35,5.26
2023-04-17,195.0,195.0,189.0,189.0,-2.07,58534.0,11174989.6,2023,5.89,30.56,5.35,5.26
2023-04-18,190.0,191.9,188.3,190.0,0.53,29567.0,5605929.8,2023,5.89,30.56,5.35,5.26
2023-04-19,192.5,194.0,189.6,191.2,0.63,41986.0,8025602.6,2023,5.89,30.56,5.35,5.26
2023-04-20,191.0,193.0,189.0,189.1,-1.1,37539.0,7136364.2,2023,5.89,30.56,5.35,5.26
2023-04-23,192.8,192.8,186.2,187.0,-1.11,45675.0,8587519.9,2023,5.89,30.56,5.35,5.26
2023-04-24,186.0,190.0,186.0,186.3,-0.37,31120.0,5841179.8,2023,5.89,30.56,5.35,5.26
2023-04-25,185.0,190.8,185.0,190.7,2.36,40056.0,7583221.0,2023,5.89,30.56,5.35,5.26
2023-04-26,194.5,194.5,187.1,187.9,-1.47,34664.0,6559575.5,2023,5.89,30.56,5.35,5.26
2023-04-27,187.9,188.0,186.0,186.1,-0.96,34873.0,6513388.1,2023,5.89,30.56,5.35,5.26
2023-04-30,186.0,188.0,184.1,184.3,-0.97,52998.0,9831377.7,2023,5.89,30.56,5.35,5.26
2023-05-02,185.0,187.0,184.0,184.1,-0.11,34361.0,6354203.1,2023,5.89,30.56,5.35,5.26
2023-05-03,184.0,184.2,182.0,182.2,-1.03,32787.0,5983751.4,2023,5.89,30.56,5.35,5.26
2023-05-04,184.0,185.0,180.5,182.5,0.16,46675.0,8530037.1,2023,5.89,30.56,5.35,5.26
2023-05-07,181.0,184.0,179.8,179.9,-1.42,27927.0,5049107.6,2023,5.89,30.56,5.35,5.26
2023-05-08,180.0,182.0,176.0,178.0,-1.06,44879.0,7983768.9,2023,5.89,30.56,5.35,5.26
2023-05-09,179.0,182.5,177.0,179.0,0.56,57494.0,10299385.7,2023,5.89,30.56,5.35,5.26
2023-05-10,179.0,181.0,177.7,178.0,-0.56,27599.0,4929823.6,2023,5.89,30.56,5.35,5.26
2023-05-11,180.0,182.0,178.6,180.0,1.12,63390.0,11404914.9,2023,5.89,30.56,5.35,5.26
2023-05-14,179.0,185.0,177.2,177.8,-1.22,46515.0,8326278.2,2023,5.89,30.56,5.35,5.26
2023-05-15,177.0,181.5,175.2,178.0,0.11,40510.0,7219984.4,2023,5.89,30.56,5.35,5.26
2023-05-16,178.5,181.5,177.0,179.0,0.56,32604.0,5842105.2,2023,5.89,30.56,5.35,5.26
2023-05-17,180.9,183.9,180.0,182.0,1.68,42787.0,7777723.3,2023,5.89,30.56,5.35,5.26
2023-05-18,181.1,188.0,181.0,186.0,2.2,74077.0,13757245.3,2023,5.89,30.56,5.35,5.26
2023-05-21,187.0,192.0,184.0,184.0,-1.08,94728.0,17817492.8,2023,5.89,30.56,5.35,5.26
2023-05-22,187.0,187.6,182.5,186.4,1.3,45132.0,8325919.3,2023,5.89,30.56,5.35,5.26
2023-05-23,189.5,192.5,185.8,192.0,3.0,107626.0,20428762.0,2023,5.89,30.56,5.35,5.26
2023-05-24,193.0,193.9,188.3,190.1,-0.99,58968.0,11245757.6,2023,5.89,30.56,5.35,5.26
2023-05-28,190.1,198.9,188.1,189.0,-0.58,148678.0,28766297.5,2023,5.89,30.56,5.35,5.26
2023-05-30,189.0,193.0,183.0,184.0,-2.65,173178.0,32292504.9,2023,5.89,30.56,5.35,5.26
2023-05-31,184.0,187.6,178.4,180.4,-1.96,78797.0,14409465.0,2023,5.89,30.56,5.35,5.26
2023-06-01,184.0,185.6,179.1,182.8,1.33,68826.0,12560614.0,2023,5.89,30.56,5.35,5.26
2023-06-04,186.4,195.0,186.0,189.0,3.39,98595.0,18737497.1,2023,5.89,30.56,5.35,5.26
2023-06-05,190.0,193.5,185.3,185.3,-1.96,75638.0,14243100.9,2023,5.89,30.56,5.35,5.26
2023-06-06,185.0,189.0,184.0,188.0,1.46,66274.0,12417227.8,2023,5.89,30.56,5.35,5.26
2023-06-07,190.0,192.7,187.0,187.7,-0.16,98147.0,18610972.7,2023,5.89,30.56,5.35,5.26
2023-06-08,188.0,189.3,185.0,186.5,-0.64,52792.0,9875627.1,2023,5.89,30.56,5.35,5.26
2023-06-11,188.0,191.7,186.3,190.5,2.14,111872.0,21263826.2,2023,5.89,30.56,5.35,5.26
2023-06-12,190.0,194.5,188.6,194.0,1.84,193168.0,37023456.9,2023,5.89,30.56,5.35,5.26
2023-06-13,196.0,202.0,193.2,201.0,3.61,306016.0,61140157.5,2023,5.89,30.56,5.35,5.26
2023-06-14,197.0,203.8,195.0,196.0,-2.49,228210.0,45615186.5,2023,5.89,30.56,5.35,5.26
2023-06-15,198.0,199.9,193.0,196.8,0.41,97600.0,19110612.1,2023,5.89,30.56,5.35,5.26
2023-06-18,200.0,200.7,194.1,198.0,0.61,192538.0,37856631.3,2023,5.89,30.56,5.35,5.26
2023-06-19,199.0,212.0,195.5,206.0,4.04,340614.0,69214265.0,2023,5.89,30.56,5.35,5.26
2023-06-20,210.0,210.0,198.0,205.0,-0.49,246773.0,50550855.0,2023,5.89,30.56,5.35,5.26
2023-06-21,209.1,209.1,197.0,199.0,-2.93,127403.0,25538029.7,2023,5.89,30.56,5.35,5.26
2023-06-22,202.9,202.9,194.3,198.5,-0.25,134627.0,26498549.1,2023,5.89,30.56,5.35,5.26
2023-06-25,194.6,200.7,194.6,199.0,0.25,200673.0,39662394.9,2023,5.89,30.56,5.35,5.26
2023-06-26,195.4,204.8,195.4,198.9,-0.05,178294.0,35894347.9,2023,5.89,30.56,5.35,5.26
2023-06-27,201.5,202.8,198.1,200.0,0.55,163843.0,32741198.9,2023,5.89,30.56,5.35,5.26
2023-06-28,204.0,204.0,193.0,193.0,-3.5,178353.0,35170417.8,2023,5.89,30.56,5.35,5.26
2023-07-02,196.0,196.0,186.0,186.5,-3.37,146223.0,27723421.8,2023,5.89,30.56,5.35,5.26
2023-07-03,182.8,189.0,182.8,183.5,-1.61,140903.0,26131193.3,2023,5.89,30.56,5.35,5.26
2023-07-04,186.9,187.1,183.1,184.9,0.76,73138.0,13488163.4,2023,5.89,30.56,5.35,5.26
2023-07-05,185.0,188.5,180.0,180.5,-2.38,94863.0,17301905.7,2023,5.89,30.56,5.35,5.26
2023-07-06,180.5,183.0,178.2,180.4,-0.06,103755.0,18682105.6,2023,5.89,30.56,5.35,5.26
2023-07-09,184.0,185.0,182.0,184.0,2.0,73062.0,13403426.9,2023,5.89,30.56,5.35,5.26
2023-07-10,185.0,187.4,180.1,181.0,-1.63,114817.0,21043325.4,2023,5.89,30.56,5.35,5.26
2023-07-11,182.0,182.0,177.0,180.0,-0.55,82598.0,14859089.1,2023,5.89,30.56,5.35,5.26
2023-07-12,181.0,187.0,180.0,184.0,2.22,86099.0,15853035.0,2023,5.89,30.56,5.35,5.26
2023-07-13,187.6,189.0,180.8,183.9,-0.05,112548.0,20821827.8,2023,5.89,30.56,5.35,5.26
2023-07-16,186.0,186.0,181.1,184.0,0.05,152816.0,28017836.8,2023,5.89,30.56,5.35,5.26
2023-07-17,181.1,190.0,181.1,188.1,2.23,131978.0,24870767.3,2023,5.89,30.56,5.35,5.26
2023-07-18,191.0,191.0,186.0,187.0,-0.58,102160.0,19247871.7,2023,5.89,30.56,5.35,5.26
2023-07-19,190.7,190.7,184.2,186.0,-0.53,59909.0,11128883.7,2023,5.89,30.56,5.35,5.26
2023-07-20,188.0,188.8,183.0,184.8,-0.65,99199.0,18325165.0,2023,5.89,30.56,5.35,5.26
2023-07-23,183.5,194.0,183.5,194.0,4.98,150869.0,28515667.7,2023,5.89,30.56,5.35,5.26
2023-07-24,192.0,197.9,188.2,188.2,-2.99,277079.0,53250285.3,2023,5.89,30.56,5.35,5.26
2023-07-25,191.9,191.9,185.1,187.0,-0.64,46739.0,8714567.6,2023,5.89,30.56,5.35,5.26
2023-07-26,190.6,190.6,184.9,185.0,-1.07,47571.0,8844810.0,2023,5.89,30.56,5.35,5.26
2023-07-27,186.0,186.0,181.7,182.0,-1.62,90043.0,16506933.5,2023,5.89,30.56,5.35,5.26
2023-07-30,182.1,185.1,181.0,181.7,-0.16,63039.0,11473167.6,2023,5.89,30.56,5.35,5.26
2023-07-31,182.0,185.9,181.0,181.2,-0.28,47875.0,8783232.9,2023,5.89,30.56,5.35,5.26
2023-08-01,184.0,184.0,179.0,179.9,-0.72,51147.0,9227930.1,2023,5.89,30.56,5.35,5.26
2023-08-02,180.0,180.9,177.2,178.5,-0.78,53444.0,9533512.9,2023,5.89,30.56,5.35,5.26
2023-08-03,180.0,182.0,175.5,178.5,0.0,137298.0,24350502.1,2023,5.89,30.56,5.35,5.26
2023-08-06,179.0,180.0,175.5,176.5,-1.12,48359.0,8550554.0,2023,5.89,30.56,5.35,5.26
2023-08-07,178.0,178.9,174.2,175.1,-0.79,41383.0,7300591.4,2023,5.89,30.56,5.35,5.26
2023-08-08,171.6,177.0,171.6,174.8,-0.17,55493.0,9678947.2,2023,5.89,30.56,5.35,5.26
2023-08-09,174.8,182.4,171.0,181.9,4.06,50556.0,8759415.8,2023,5.89,30.56,5.35,5.26
2023-08-10,178.6,182.0,176.1,178.5,-1.87,51146.0,9151222.4,2023,5.89,30.56,5.35,5.26
2023-08-13,178.5,180.0,176.1,176.5,-1.12,36704.0,6522122.6,2023,5.89,30.56,5.35,5.26
2023-08-14,176.0,179.5,175.1,175.1,-0.79,32195.0,5676525.4,2023,5.89,30.56,5.35,5.26
2023-08-15,175.0,179.0,173.0,174.0,-0.63,89884.0,15740898.1,2023,5.89,30.56,5.35,5.26
2023-08-16,171.1,173.0,169.0,170.2,-2.18,77185.0,13172700.7,2023,5.89,30.56,5.35,5.26
2023-08-17,173.6,173.9,170.5,171.5,0.76,41053.0,7061523.3,2023,5.89,30.56,5.35,5.26
2023-08-20,172.0,174.0,168.0,168.3,-1.87,59629.0,10111093.8,2023,5.89,30.56,5.35,5.26
2023-08-21,166.1,171.6,166.1,166.6,-1.01,50802.0,8542497.3,2023,5.89,30.56,5.35,5.26
2023-08-22,169.0,170.5,166.6,170.0,2.04,36565.0,6175512.2,2023,5.89,30.56,5.35,5.26
2023-08-23,172.0,175.0,169.6,174.3,2.53,55437.0,9602541.4,2023,5.89,30.56,5.35,5.26
2023-08-24,172.0,175.4,169.8,169.8,-2.58,58029.0,9982205.5,2023,5.89,30.56,5.35,5.26
2023-08-27,170.9,170.9,167.1,167.5,-1.35,37613.0,6316687.0,2023,5.89,30.56,5.35,5.26
2023-08-28,167.0,170.1,166.0,168.0,0.3,35009.0,5908684.1,2023,5.89,30.56,5.35,5.26
2023-08-29,170.0,170.9,167.1,168.0,0.0,20319.0,3414797.8,2023,5.89,30.56,5.35,5.26
2023-08-30,170.0,171.0,167.1,168.0,0.0,28282.0,4763127.9,2023,5.89,30.56,5.35,5.26
2023-09-03,168.0,168.7,166.0,166.3,-1.01,32688.0,5450836.0,2023,5.89,30.56,5.35,5.26
2023-09-04,168.0,169.6,165.0,166.5,0.12,28695.0,4775731.7,2023,5.89,30.56,5.35,5.26
2023-09-05,168.0,168.0,165.4,166.3,-0.12,15976.0,2656076.0,2023,5.89,30.56,5.35,5.26
2023-09-07,168.0,168.0,164.0,164.5,-1.08,37836.0,6233940.6,2023,5.89,30.56,5.35,5.26
2023-09-10,165.0,167.3,163.3,164.9,0.24,22707.0,3750098.5,2023,5.89,30.56,5.35,5.26
2023-09-11,168.1,169.8,163.0,169.8,2.97,41592.0,6964726.8,2023,5.89,30.56,5.35,5.26
2023-09-12,170.0,171.5,166.5,167.0,-1.65,22918.0,3865563.4,2023,5.89,30.56,5.35,5.26
2023-09-13,169.0,171.9,167.0,171.1,2.46,45686.0,7760279.8,2023,5.89,30.56,5.35,5.26
2023-09-17,170.0,170.9,165.0,165.9,-3.04,43738.0,7296726.0,2023,5.89,30.56,5.35,5.26
2023-09-18,164.0,167.0,163.0,166.9,0.6,19120.0,3158553.8,2023,5.89,30.56,5.35,5.26
2023-09-19,170.2,170.2,165.4,168.0,0.66,19087.0,3202620.0,2023,5.89,30.56,5.35,5.26
2023-09-21,170.0,178.0,170.0,176.0,4.76,119813.0,21039809.6,2023,5.89,30.56,5.35,5.26
2023-09-24,178.0,179.4,173.0,174.0,-1.14,69007.0,12118076.7,2023,5.89,30.56,5.35,5.26
2023-09-25,174.0,175.0,171.0,171.0,-1.72,48172.0,8317847.9,2023,5.89,30.56,5.35,5.26
2023-09-26,173.0,178.5,173.0,176.0,2.92,68784.0,12103853.4,2023,5.89,30.56,5.35,5.26
2023-09-27,177.5,177.9,172.1,172.1,-2.22,36090.0,6261364.3,2023,5.89,30.56,5.35,5.26
2023-10-01,170.0,170.0,166.0,167.0,-2.96,78001.0,13029077.1,2023,5.89,30.56,5.35,5.26
2023-10-02,166.0,169.7,165.0,169.0,1.2,36006.0,6051180.5,2023,5.89,30.56,5.35,5.26
2023-10-03,167.5,170.0,167.0,167.2,-1.07,18854.0,3162411.1,2023,5.89,30.56,5.35,5.26
2023-10-04,169.9,170.5,167.2,167.5,0.18,33181.0,5598065.2,2023,5.89,30.56,5.35,5.26
2023-10-05,166.1,170.8,166.1,167.0,-0.3,46779.0,7839507.0,2023,5.89,30.56,5.35,5.26
2023-10-08,170.0,170.0,164.5,164.5,-1.5,47196.0,7823170.0,2023,5.89,30.56,5.35,5.26
2023-10-09,163.0,166.9,163.0,164.4,-0.06,27392.0,4507415.5,2023,5.89,30.56,5.35,5.26
2023-10-10,167.6,167.6,163.3,163.9,-0.3,30840.0,5054743.5,2023,5.89,30.56,5.35,5.26
2023-10-11,163.9,165.0,162.5,162.6,-0.79,25332.0,4145126.8,2023,5.89,30.56,5.35,5.26
2023-10-12,161.1,163.0,161.0,161.5,-0.68,49137.0,7955007.2,2023,5.89,30.56,5.35,5.26
2023-10-16,161.5,163.0,159.0,161.0,-0.31,46776.0,7525113.1,2023,5.89,30.56,5.35,5.26
2023-10-17,162.0,164.9,161.5,163.0,1.24,20439.0,3324515.7,2023,5.89,30.56,5.35,5.26
2023-10-18,164.9,168.0,162.0,165.9,1.78,27652.0,4574621.1,2023,5.89,30.56,5.35,5.26
2023-10-19,166.0,167.0,163.3,165.1,-0.48,15663.0,2594388.4,2023,5.89,30.56,5.35,5.26
2023-10-29,165.0,166.0,161.9,162.5,-1.57,26666.0,4348640.0,2023,5.89,30.56,5.35,5.26
2023-10-30,162.5,164.0,160.6,163.0,0.31,23163.0,3756568.4,2023,5.89,30.56,5.35,5.26
2023-10-31,164.0,164.0,161.0,162.0,-0.61,15541.0,2514840.2,2023,5.89,30.56,5.35,5.26
2023-11-01,162.0,163.9,160.0,160.7,-0.8,31883.0,5141702.4,2023,5.89,30.56,5.35,5.26
2023-11-02,158.1,161.0,158.1,159.3,-0.87,27586.0,4408190.2,2023,5.89,30.56,5.35,5.26
2023-11-05,157.6,160.0,156.3,157.9,-0.88,29051.0,4573557.5,2023,5.89,30.56,5.35,5.26
2023-11-06,160.0,162.0,157.0,159.0,0.7,25331.0,4036689.8,2023,5.89,30.56,5.35,5.26
2023-11-07,159.0,163.0,157.0,163.0,2.52,34837.0,5571162.7,2023,5.89,30.56,5.35,5.26
2023-11-06,160.0,162.0,157.0,159.0,0.7,25331.0,4036689.8,2023,5.89,30.56,5.35,5.26
2023-11-07,159.0,163.0,157.0,163.0,2.52,34837.0,5571162.7,2023,5.89,30.56,5.35,5.26
2023-11-08,162.0,162.7,159.0,161.0,-1.23,19947.0,3204916.7,2023,5.89,30.56,5.35,5.26
2023-11-09,163.0,163.0,158.3,159.5,-0.93,18711.0,2981305.5,2023,5.89,30.56,5.35,5.26
2023-11-20,161.0,164.0,161.0,162.0,1.57,31064.0,5033768.0,2023,5.89,30.56,5.35,5.26
2023-11-21,164.0,164.0,156.0,157.0,-3.09,42644.0,6722667.5,2023,5.89,30.56,5.35,5.26
2023-11-22,158.0,159.9,154.0,158.9,1.21,30739.0,4821870.7,2023,5.89,30.56,5.35,5.26
2023-11-23,157.0,162.0,156.0,158.9,0.0,33224.0,5295591.2,2023,5.89,30.56,5.35,5.26
2023-11-26,160.0,163.0,160.0,162.0,1.95,40159.0,6508393.1,2023,5.89,30.56,5.35,5.26
2023-11-27,162.0,164.9,161.0,161.5,-0.31,33115.0,5390006.6,2023,5.89,30.56,5.35,5.26
2023-11-28,160.0,163.2,159.1,160.0,-0.93,31963.0,5135530.3,2023,5.89,30.56,5.35,5.26
2023-11-29,160.0,162.0,158.0,159.0,-0.63,10954.0,1748186.8,2023,5.89,30.56,5.35,5.26
2023-11-30,159.0,159.9,157.0,157.9,-0.69,21348.0,3376508.6,2023,5.89,30.56,5.35,5.26
2023-12-03,158.0,160.0,155.9,157.3,-0.38,28109.0,4426405.0,2023,5.89,30.56,5.35,5.26
2023-12-04,156.0,159.4,155.1,158.0,0.45,16478.0,2593371.7,2023,5.89,30.56,5.35,5.26
2023-12-05,161.0,161.1,156.3,157.0,-0.63,18237.0,2868827.9,2023,5.89,30.56,5.35,5.26
2023-12-06,156.0,157.0,155.7,156.6,-0.25,28652.0,4478272.7,2023,5.89,30.56,5.35,5.26
2023-12-07,156.0,158.5,156.0,158.0,0.89,39187.0,6185455.3,2023,5.89,30.56,5.35,5.26
2023-12-10,161.1,172.0,161.1,172.0,8.86,17114.0,2908727.0,2023,5.89,30.56,5.35,5.26
2023-12-11,175.4,178.0,166.6,170.0,-1.16,110581.0,18900293.1,2023,5.89,30.56,5.35,5.26
2023-12-12,170.0,175.0,168.5,175.0,2.94,113111.0,19468200.2,2023,5.89,30.56,5.35,5.26
2023-12-13,175.0,177.0,171.0,173.4,-0.91,139704.0,24255711.3,2023,5.89,30.56,5.35,5.26
2023-12-14,171.0,174.4,170.0,171.0,-1.38,51601.0,8854222.3,2023,5.89,30.56,5.35,5.26
2023-12-17,167.6,183.0,167.6,182.1,6.49,191892.0,33980486.4,2023,5.89,30.56,5.35,5.26
2023-12-18,182.2,194.0,180.1,190.0,4.34,243899.0,46093926.8,2023,5.89,30.56,5.35,5.26
2023-12-19,190.0,193.0,185.1,189.5,-0.26,120754.0,22793556.1,2023,5.89,30.56,5.35,5.26
2023-12-20,190.0,206.0,187.5,199.4,5.22,395506.0,77386151.4,2023,5.89,30.56,5.35,5.26
2023-12-21,203.3,206.0,196.2,196.9,-1.25,364808.0,72994780.7,2023,5.89,30.56,5.35,5.26
2023-12-24,197.0,200.8,187.5,188.0,-4.52,247365.0,47788099.5,2023,5.89,30.56,5.35,5.26
2023-12-27,187.5,199.0,183.1,184.1,-2.07,133856.0,25039905.0,2023,5.89,30.56,5.35,5.26
2023-12-28,184.1,186.0,182.0,183.2,-0.49,105151.0,19354690.7,2023,5.89,30.56,5.35,5.26
2024-01-01,186.0,189.9,182.3,183.0,-0.11,109322.0,20213064.0,2024,6.35,28.18,5.74,5.25
2024-01-02,183.0,185.9,182.0,182.8,-0.11,132299.0,24306856.1,2024,6.35,28.18,5.74,5.25
2024-01-03,180.0,188.1,175.5,186.9,2.24,178448.0,32293762.4,2024,6.35,28.18,5.74,5.25
2024-01-04,187.0,191.7,183.2,184.0,-1.55,190270.0,35785539.7,2024,6.35,28.18,5.74,5.25
2024-01-07,187.6,191.1,182.0,182.3,-0.92,113064.0,20961280.3,2024,6.35,28.18,5.74,5.25
2024-01-08,182.5,185.6,182.0,183.0,0.38,109271.0,20078807.2,2024,6.35,28.18,5.74,5.25
2024-01-09,185.0,192.0,184.3,187.5,2.46,204272.0,38619635.6,2024,6.35,28.18,5.74,5.25
2024-01-10,191.2,195.8,186.6,187.4,-0.05,210857.0,40147750.6,2024,6.35,28.18,5.74,5.25
2024-01-11,186.2,189.0,183.2,185.0,-1.28,111011.0,20527998.0,2024,6.35,28.18,5.74,5.25
2024-01-14,187.0,188.0,185.0,185.3,0.16,139619.0,26029441.3,2024,6.35,28.18,5.74,5.25
2024-01-16,186.0,198.0,186.0,196.1,5.83,335687.0,65073979.4,2024,6.35,28.18,5.74,5.25
2024-01-17,199.0,204.0,194.3,194.3,-0.92,561788.0,111929427.9,2024,6.35,28.18,5.74,5.25
2024-01-18,194.3,198.0,189.0,195.0,0.36,214459.0,41526882.7,2024,6.35,28.18,5.74,5.25
2024-01-21,191.1,202.0,191.1,196.0,0.51,390359.0,77574500.8,2024,6.35,28.18,5.74,5.25
2024-01-22,199.0,203.0,193.2,195.9,-0.05,431216.0,86020028.1,2024,6.35,28.18,5.74,5.25
2024-01-23,195.1,200.1,195.1,200.1,2.14,273487.0,54340887.8,2024,6.35,28.18,5.74,5.25
2024-01-24,204.0,204.0,196.0,196.0,-2.05,295762.0,58886606.5,2024,6.35,28.18,5.74,5.25
2024-01-25,199.8,199.8,190.2,192.0,-2.04,156809.0,30393155.0,2024,6.35,28.18,5.74,5.25
2024-01-28,195.7,196.0,189.0,191.0,-0.52,171456.0,32664087.3,2024,6.35,28.18,5.74,5.25
2024-01-29,194.8,195.8,190.0,191.5,0.26,184326.0,35398817.0,2024,6.35,28.18,5.74,5.25
2024-01-30,195.0,195.0,190.5,191.5,0.0,137324.0,26403816.3,2024,6.35,28.18,5.74,5.25
2024-01-31,194.8,195.0,189.0,189.9,-0.84,128184.0,24513246.7,2024,6.35,28.18,5.74,5.25
2024-02-01,188.1,189.9,185.2,188.0,-1.0,180650.0,33815562.6,2024,6.35,28.18,5.74,5.25
2024-02-04,189.0,189.3,185.5,185.5,-1.33,87347.0,16312254.7,2024,6.35,28.18,5.74,5.25
2024-02-05,189.0,189.0,185.0,185.3,-0.11,76322.0,14209677.4,2024,6.35,28.18,5.74,5.25
2024-02-06,188.9,188.9,185.0,185.0,-0.16,40882.0,7614668.0,2024,6.35,28.18,5.74,5.25
2024-02-07,188.7,191.9,185.3,185.3,0.16,48837.0,9119735.2,2024,6.35,28.18,5.74,5.25
2024-02-08,187.0,188.8,185.0,187.4,1.13,72682.0,13568157.1,2024,6.35,28.18,5.74,5.25
2024-02-11,188.3,191.8,186.0,186.5,-0.48,100636.0,19027133.8,2024,6.35,28.18,5.74,5.25
2024-02-12,188.0,189.0,187.1,188.0,0.8,45967.0,8637921.8,2024,6.35,28.18,5.74,5.25
2024-02-13,190.0,190.0,182.9,183.0,-2.66,86253.0,15909592.4,2024,6.35,28.18,5.74,5.25
2024-02-14,183.0,185.0,180.0,183.4,0.22,55055.0,10039226.3,2024,6.35,28.18,5.74,5.25
2024-02-15,183.0,186.0,181.5,182.0,-0.76,43903.0,8055887.2,2024,6.35,28.18,5.74,5.25
2024-02-18,182.0,184.0,178.7,179.0,-1.65,56426.0,10159715.5,2024,6.35,28.18,5.74,5.25
2024-02-20,177.6,181.5,177.2,178.5,-0.28,63678.0,11422346.8,2024,6.35,28.18,5.74,5.25
2024-02-21,178.0,184.6,177.5,177.7,-0.45,49539.0,8872864.6,2024,6.35,28.18,5.74,5.25
2024-02-22,177.7,179.0,174.5,174.6,-1.74,70913.0,12493182.4,2024,6.35,28.18,5.74,5.25
2024-02-25,174.6,175.0,169.1,170.0,-2.63,79976.0,13714307.0,2024,6.35,28.18,5.74,5.25
2024-02-26,169.1,173.5,169.0,171.5,0.88,35757.0,6124446.3,2024,6.35,28.18,5.74,5.25
2024-02-27,172.0,173.5,170.0,171.0,-0.29,42072.0,7190278.7,2024,6.35,28.18,5.74,5.25
2024-02-28,172.0,172.5,169.0,170.0,-0.58,39073.0,6651447.8,2024,6.35,28.18,5.74,5.25
2024-02-29,170.0,170.0,167.5,167.9,-1.24,36612.0,6166964.8,2024,6.35,28.18,5.74,5.25
2024-03-03,168.0,170.3,165.2,168.9,0.6,35112.0,5882176.6,2024,6.35,28.18,5.74,5.25
2024-03-04,172.2,179.1,172.2,179.1,6.04,132.0,22867.4,2024,6.35,28.18,5.74,5.25
2024-03-05,182.6,185.0,174.0,174.5,-2.57,112568.0,20091552.0,2024,6.35,28.18,5.74,5.25
2024-03-06,175.0,177.9,171.0,174.0,-0.29,73204.0,12723431.6,2024,6.35,28.18,5.74,5.25
2024-03-07,174.0,180.0,174.0,174.2,0.11,46878.0,8238228.4,2024,6.35,28.18,5.74,5.25
2024-03-10,177.6,180.0,175.3,177.0,1.61,46257.0,8196675.9,2024,6.35,28.18,5.74,5.25
2024-03-12,180.0,183.9,178.0,182.5,3.11,85180.0,15369967.2,2024,6.35,28.18,5.74,5.25
2024-03-13,183.0,185.4,180.0,182.1,-0.22,58157.0,10613158.8,2024,6.35,28.18,5.74,5.25
2024-03-14,181.6,183.5,179.0,179.0,-1.7,73327.0,13245304.7,2024,6.35,28.18,5.74,5.25
2024-03-17,178.6,182.0,176.6,180.0,0.56,41857.0,7493384.7,2024,6.35,28.18,5.74,5.25
2024-03-18,178.5,180.0,177.0,177.0,-1.67,34722.0,6170878.7,2024,6.35,28.18,5.74,5.25
2024-03-19,177.0,180.5,177.0,177.3,0.17,27194.0,4852348.0,2024,6.35,28.18,5.74,5.25
2024-03-20,177.2,179.0,175.4,175.9,-0.79,32637.0,5767114.8,2024,6.35,28.18,5.74,5.25
2024-03-21,175.0,178.0,173.0,173.1,-1.59,43678.0,7608646.6,2024,6.35,28.18,5.74,5.25
2024-03-25,173.1,174.0,169.7,171.0,-1.21,47443.0,8110665.7,2024,6.35,28.18,5.74,5.25
2024-03-26,171.0,172.0,169.6,170.3,-0.41,41890.0,7160354.9,2024,6.35,28.18,5.74,5.25
2024-03-27,167.1,171.0,167.1,169.4,-0.53,30609.0,5190794.2,2024,6.35,28.18,5.74,5.25
2024-03-28,170.0,170.0,168.7,168.9,-0.3,33579.0,5681165.7,2024,6.35,28.18,5.74,5.25
2024-03-31,171.0,172.0,167.0,168.0,-0.53,60145.0,10098918.4,2024,6.35,28.18,5.74,5.25
2024-04-01,166.5,169.5,165.2,167.5,-0.3,66879.0,11191463.6,2024,6.35,28.18,5.74,5.25
2024-04-02,168.0,168.0,167.0,167.0,-0.3,33134.0,5550625.4,2024,6.35,28.18,5.74,5.25
2024-04-03,169.9,169.9,165.3,167.0,0.0,26270.0,4380705.7,2024,6.35,28.18,5.74,5.25
2024-04-04,165.5,168.5,165.5,166.6,-0.24,32582.0,5421204.8,2024,6.35,28.18,5.74,5.25
2024-04-07,169.9,169.9,166.0,167.5,0.54,47396.0,7928237.1,2024,6.35,28.18,5.74,5.25
2024-04-09,169.0,170.0,167.2,168.5,0.6,56455.0,9508862.7,2024,6.35,28.18,5.74,5.25
2024-04-10,170.0,170.0,167.2,167.4,-0.65,27432.0,4613264.5,2024,6.35,28.18,5.74,5.25
2024-04-14,167.1,169.0,166.0,166.0,-0.84,32168.0,5376277.8,2024,6.35,28.18,5.74,5.25
2024-04-15,166.0,167.0,165.0,165.1,-0.54,35609.0,5895184.6,2024,6.35,28.18,5.74,5.25
2024-04-16,161.8,166.0,161.8,163.9,-0.73,25664.0,4217100.6,2024,6.35,28.18,5.74,5.25
2024-04-18,163.1,163.2,161.5,162.0,-1.16,28053.0,4539677.1,2024,6.35,28.18,5.74,5.25
2024-04-21,162.0,164.9,160.0,163.1,0.68,48272.0,7812698.6,2024,6.35,28.18,5.74,5.25
2024-04-22,164.0,164.9,162.0,163.0,-0.06,19982.0,3262324.6,2024,6.35,28.18,5.74,5.25
2024-04-24,162.1,164.5,162.0,163.0,0.0,14588.0,2376989.3,2024,6.35,28.18,5.74,5.25
2024-04-25,162.5,164.2,162.0,162.5,-0.31,22841.0,3705706.6,2024,6.35,28.18,5.74,5.25
2024-04-28,165.7,165.7,161.8,163.0,0.31,28642.0,4667702.9,2024,6.35,28.18,5.74,5.25
2024-04-29,166.2,166.2,161.5,162.0,-0.61,63767.0,10356195.4,2024,6.35,28.18,5.74,5.25
2024-04-30,158.8,167.0,158.8,166.4,2.72,50462.0,8295233.7,2024,6.35,28.18,5.74,5.25
2024-05-02,169.7,172.0,165.0,165.5,-0.54,44631.0,7427344.5,2024,6.35,28.18,5.74,5.25
2024-05-05,162.3,165.0,159.1,162.5,-1.81,70903.0,11467030.9,2024,6.35,28.18,5.74,5.25
2024-05-06,164.7,164.7,160.0,161.0,-0.92,44526.0,7158856.6,2024,6.35,28.18,5.74,5.25
2024-05-07,162.1,163.0,160.0,160.0,-0.62,37114.0,5957842.7,2024,6.35,28.18,5.74,5.25
2024-05-08,163.0,164.0,159.0,159.5,-0.31,60317.0,9643196.9,2024,6.35,28.18,5.74,5.25
2024-05-09,162.5,162.5,160.0,161.0,0.94,39700.0,6366728.7,2024,6.35,28.18,5.74,5.25
2024-05-12,161.0,162.5,159.5,160.6,-0.25,29365.0,4730208.3,2024,6.35,28.18,5.74,5.25
2024-05-13,160.0,165.0,160.0,164.0,2.12,47063.0,7676916.6,2024,6.35,28.18,5.74,5.25
2024-05-14,162.0,166.5,162.0,166.0,1.22,41364.0,6819370.3,2024,6.35,28.18,5.74,5.25
2024-05-15,168.5,170.0,164.0,165.4,-0.36,44942.0,7537760.1,2024,6.35,28.18,5.74,5.25
2024-05-16,162.5,166.0,162.5,163.1,-1.39,26617.0,4362582.8,2024,6.35,28.18,5.74,5.25
2024-05-19,166.3,168.0,163.0,166.8,2.27,53863.0,8937104.0,2024,6.35,28.18,5.74,5.25
2024-05-20,169.9,173.5,166.0,169.4,1.56,146675.0,24890449.0,2024,6.35,28.18,5.74,5.25
2024-05-21,167.0,172.0,167.0,170.8,0.83,69367.0,11806369.0,2024,6.35,28.18,5.74,5.25
2024-05-22,168.1,170.7,168.0,170.0,-0.47,43001.0,7284614.8,2024,6.35,28.18,5.74,5.25
2024-05-26,172.0,172.0,167.0,167.3,-1.59,61689.0,10393066.7,2024,6.35,28.18,5.74,5.25
2024-05-27,168.0,170.6,165.4,169.5,1.32,63202.0,10695536.9,2024,6.35,28.18,5.74,5.25
2024-05-29,171.5,178.3,166.8,167.0,-1.47,56468.0,9595427.7,2024,6.35,28.18,5.74,5.25
2024-05-30,165.0,168.0,164.0,165.0,-1.2,32986.0,5441761.3,2024,6.35,28.18,5.74,5.25
2024-06-02,163.0,167.0,163.0,164.2,-0.48,42430.0,6990901.5,2024,6.35,28.18,5.74,5.25
2024-06-03,164.0,165.0,162.4,162.6,-0.97,58273.0,9526519.4,2024,6.35,28.18,5.74,5.25
2024-06-04,164.5,166.0,162.2,165.0,1.48,48235.0,7937292.5,2024,6.35,28.18,5.74,5.25
2024-06-05,164.0,166.0,162.6,163.9,-0.67,30504.0,4994751.4,2024,6.35,28.18,5.74,5.25
2024-06-06,166.0,167.1,161.8,164.5,0.37,38599.0,6300403.3,2024,6.35,28.18,5.74,5.25
2024-06-09,167.7,167.7,163.0,163.5,-0.61,48530.0,7946754.8,2024,6.35,28.18,5.74,5.25
2024-06-10,166.7,166.7,161.3,163.0,-0.31,40377.0,6577376.6,2024,6.35,28.18,5.74,5.25
2024-06-11,166.2,166.2,162.2,165.0,1.23,65590.0,10784131.3,2024,6.35,28.18,5.74,5.25
2024-06-12,166.2,167.9,164.4,165.0,0.0,37120.0,6157447.6,2024,6.35,28.18,5.74,5.25
2024-06-13,165.0,165.9,163.5,164.0,-0.61,54969.0,9015337.6,2024,6.35,28.18,5.74,5.25
2024-06-16,162.6,167.0,162.2,165.0,0.61,58125.0,9550561.3,2024,6.35,28.18,5.74,5.25
2024-06-18,166.9,166.9,162.3,163.1,-1.15,43125.0,7043805.8,2024,6.35,28.18,5.74,5.25
2024-06-19,163.1,165.0,162.0,162.0,-0.67,35638.0,5792126.1,2024,6.35,28.18,5.74,5.25
2024-06-20,165.2,165.2,160.0,160.9,-0.68,65686.0,10569460.0,2024,6.35,28.18,5.74,5.25
2024-06-23,160.9,161.5,159.0,159.0,-1.18,85209.0,13649769.6,2024,6.35,28.18,5.74,5.25
2024-06-24,159.1,160.0,158.1,158.5,-0.31,48797.0,7768701.2,2024,6.35,28.18,5.74,5.25
2024-06-25,159.0,174.3,158.5,163.0,2.84,81919.0,13384272.2,2024,6.35,28.18,5.74,5.25
2024-06-26,162.5,165.0,159.3,160.6,-1.47,102908.0,16504778.5,2024,6.35,28.18,5.74,5.25
2024-06-27,159.0,163.0,158.7,162.9,1.43,57147.0,9245330.8,2024,6.35,28.18,5.74,5.25
2024-06-30,161.2,163.5,160.1,160.3,-1.6,84405.0,13617936.6,2024,6.35,28.18,5.74,5.25
2024-07-01,160.3,162.7,160.0,162.7,1.5,37886.0,6093029.2,2024,6.35,28.18,5.74,5.25
2024-07-02,165.9,177.0,163.0,164.4,1.04,94708.0,15751493.5,2024,6.35,28.18,5.74,5.25
2024-07-03,163.3,165.0,161.6,162.9,-0.91,54244.0,8822945.0,2024,6.35,28.18,5.74,5.25
2024-07-04,163.0,164.9,162.2,163.7,0.49,54880.0,8952346.5,2024,6.35,28.18,5.74,5.25
2024-07-07,165.0,173.0,163.2,167.8,2.5,184278.0,31005162.3,2024,6.35,28.18,5.74,5.25
2024-07-08,170.0,174.3,169.0,170.0,1.31,145757.0,24946671.4,2024,6.35,28.18,5.74,5.25
2024-07-09,170.0,172.0,168.6,169.6,-0.24,62624.0,10648539.1,2024,6.35,28.18,5.74,5.25
2024-07-10,172.9,172.9,168.0,170.0,0.24,71568.0,12167608.4,2024,6.35,28.18,5.74,5.25
2024-07-11,173.4,173.4,170.0,172.0,1.18,96957.0,16621120.7,2024,6.35,28.18,5.74,5.25
2024-07-14,175.4,182.4,172.0,177.0,2.91,220091.0,38640072.4,2024,6.35,28.18,5.74,5.25
2024-07-15,180.5,183.7,174.7,179.0,1.13,211964.0,37934377.5,2024,6.35,28.18,5.74,5.25
2024-07-16,180.0,196.0,180.0,191.6,7.04,347816.0,65395350.9,2024,6.35,28.18,5.74,5.25
2024-07-17,195.4,199.0,188.2,192.1,0.26,281041.0,54278087.3,2024,6.35,28.18,5.74,5.25
2024-07-18,192.9,197.0,188.3,193.0,0.47,354258.0,68463212.8,2024,6.35,28.18,5.74,5.25
2024-07-21,196.8,199.8,190.1,198.0,2.59,336550.0,66118499.1,2024,6.35,28.18,5.74,5.25
2024-07-22,200.0,201.0,193.0,196.1,-0.96,228386.0,44915090.6,2024,6.35,28.18,5.74,5.25
2024-07-23,200.0,208.3,194.1,207.9,6.02,459616.0,93133571.1,2024,6.35,28.18,5.74,5.25
2024-07-24,212.0,216.0,203.0,205.4,-1.2,394331.0,81946007.0,2024,6.35,28.18,5.74,5.25
2024-07-25,205.0,208.0,200.0,203.5,-0.93,248268.0,50398897.8,2024,6.35,28.18,5.74,5.25
2024-07-28,207.5,220.0,203.0,217.0,6.63,599834.0,127377230.9,2024,6.35,28.18,5.74,5.25
2024-07-29,220.0,225.0,211.0,211.2,-2.67,484876.0,105357274.4,2024,6.35,28.18,5.74,5.25
2024-07-30,210.0,217.0,206.0,214.5,1.56,370816.0,78400025.4,2024,6.35,28.18,5.74,5.25
2024-07-31,215.0,235.9,215.0,234.0,9.09,1181663.0,270628063.6,2024,6.35,28.18,5.74,5.25
2024-08-01,238.6,257.4,238.5,257.4,10.0,1382626.0,351593375.8,2024,6.35,28.18,5.74,5.25
2024-08-05,262.5,270.1,250.0,264.1,2.6,1304724.0,338355984.5,2024,6.35,28.18,5.74,5.25
2024-08-06,263.0,265.0,238.1,239.0,-9.5,1183948.0,294666885.1,2024,6.35,28.18,5.74,5.25
2024-08-07,235.0,259.0,235.0,255.0,6.69,662929.0,164928052.3,2024,6.35,28.18,5.74,5.25
2024-08-08,258.0,280.0,250.0,271.1,6.31,1438661.0,388586695.3,2024,6.35,28.18,5.74,5.25
2024-08-11,276.5,298.2,267.6,298.2,10.0,1285215.0,371089688.8,2024,6.35,28.18,5.74,5.25
2024-08-12,303.0,316.0,296.0,297.0,-0.4,1327783.0,403335542.7,2024,6.35,28.18,5.74,5.25
2024-08-13,302.0,308.9,290.0,301.0,1.35,1006406.0,301212293.8,2024,6.35,28.18,5.74,5.25
2024-08-14,301.0,331.1,296.0,331.1,10.0,1367804.0,432868561.1,2024,6.35,28.18,5.74,5.25
2024-08-15,337.7,360.0,337.7,344.5,4.05,1158014.0,406399784.8,2024,6.35,28.18,5.74,5.25
2024-08-18,346.0,346.0,317.8,324.0,-5.95,1601120.0,529396290.3,2024,6.35,28.18,5.74,5.25
2024-08-21,330.0,336.6,317.2,319.0,-1.54,846160.0,273985677.8,2024,6.35,28.18,5.74,5.25
2024-08-22,320.0,325.9,315.0,316.0,-0.94,735848.0,235005316.0,2024,6.35,28.18,5.74,5.25
2024-08-25,322.0,322.0,300.1,301.0,-4.75,809587.0,249501835.4,2024,6.35,28.18,5.74,5.25
2024-08-27,303.1,305.0,280.0,283.0,-5.98,1124687.0,326325951.0,2024,6.35,28.18,5.74,5.25
2024-08-28,283.0,307.8,283.0,299.0,5.65,1060284.0,318173332.0,2024,6.35,28.18,5.74,5.25
2024-08-29,304.0,304.0,290.2,294.0,-1.67,550107.0,162877703.3,2024,6.35,28.18,5.74,5.25
2024-09-01,295.0,301.0,283.0,287.8,-2.11,523515.0,151776253.7,2024,6.35,28.18,5.74,5.25
2024-09-02,290.0,308.0,283.0,307.0,6.67,739621.0,220143577.7,2024,6.35,28.18,5.74,5.25
2024-09-03,313.1,313.1,302.9,305.0,-0.65,519581.0,159824029.7,2024,6.35,28.18,5.74,5.25
2024-09-04,311.1,311.1,288.2,291.0,-4.59,458558.0,134808022.8,2024,6.35,28.18,5.74,5.25
2024-09-05,290.9,293.9,280.3,285.6,-1.86,423428.0,121438668.8,2024,6.35,28.18,5.74,5.25
2024-09-08,286.0,290.0,280.0,280.3,-1.86,318337.0,90711686.8,2024,6.35,28.18,5.74,5.25
2024-09-09,280.3,283.0,270.5,271.0,-3.32,369988.0,101998286.6,2024,6.35,28.18,5.74,5.25
2024-09-10,271.0,283.0,267.3,269.5,-0.55,349678.0,96081986.0,2024,6.35,28.18,5.74,5.25
2024-09-11,270.1,274.0,260.0,261.0,-3.15,265361.0,70471374.6,2024,6.35,28.18,5.74,5.25
2024-09-12,266.0,286.5,260.0,285.0,9.2,383488.0,104135133.8,2024,6.35,28.18,5.74,5.25
2024-09-15,290.0,292.0,272.1,274.0,-3.86,611503.0,174489623.2,2024,6.35,28.18,5.74,5.25
2024-09-16,274.0,275.9,265.0,266.6,-2.7,293602.0,78784270.5,2024,6.35,28.18,5.74,5.25
2024-09-18,268.0,268.5,260.0,265.0,-0.6,187764.0,49730100.4,2024,6.35,28.18,5.74,5.25
2024-09-22,270.0,280.9,265.0,268.0,1.13,227976.0,61577058.9,2024,6.35,28.18,5.74,5.25
2024-09-23,270.0,270.0,257.0,257.5,-3.92,218571.0,57042058.2,2024,6.35,28.18,5.74,5.25
2024-09-24,255.0,265.0,249.0,249.0,-3.3,365175.0,93240304.1,2024,6.35,28.18,5.74,5.25
2024-09-25,253.0,258.4,241.1,256.3,2.93,241348.0,60664960.8,2024,6.35,28.18,5.74,5.25
2024-09-26,253.0,262.0,251.0,252.9,-1.33,193007.0,49424091.0,2024,6.35,28.18,5.74,5.25
2024-09-29,247.9,252.0,243.0,246.0,-2.73,143572.0,35563313.2,2024,6.35,28.18,5.74,5.25
2024-09-30,246.0,255.0,246.0,252.2,2.52,126740.0,31878746.7,2024,6.35,28.18,5.74,5.25
2024-10-01,257.2,272.9,253.0,272.9,8.21,353269.0,93706961.9,2024,6.35,28.18,5.74,5.25
2024-10-02,273.0,278.4,265.1,267.9,-1.83,258425.0,69868441.7,2024,6.35,28.18,5.74,5.25
2024-10-06,270.0,279.4,266.0,278.0,3.77,148964.0,40712067.4,2024,6.35,28.18,5.74,5.25
2024-10-07,283.0,289.0,279.0,282.1,1.47,192663.0,54874456.0,2024,6.35,28.18,5.74,5.25
2024-10-08,287.4,287.4,272.0,274.0,-2.87,181550.0,50328852.4,2024,6.35,28.18,5.74,5.25
2024-10-09,270.6,278.9,269.0,274.0,0.0,83357.0,22827000.7,2024,6.35,28.18,5.74,5.25
2024-10-15,277.9,280.0,273.0,278.6,1.68,44386.0,12322341.1,2024,6.35,28.18,5.74,5.25
2024-10-16,280.0,286.9,279.0,283.5,1.76,155697.0,44231272.1,2024,6.35,28.18,5.74,5.25
2024-10-17,281.0,296.7,280.2,288.1,1.62,345740.0,100830004.47,2024,6.35,28.18,5.74,5.25
2024-10-20,282.4,291.9,278.0,282.9,-1.8,277743.0,78949510.8,2024,6.35,28.18,5.74,5.25
2024-10-21,277.3,283.0,270.1,270.3,-4.45,216873.0,59827074.0,2024,6.35,28.18,5.74,5.25
2024-10-22,271.0,278.0,269.8,274.8,1.66,174707.0,47708843.4,2024,6.35,28.18,5.74,5.25
2024-10-23,275.1,280.0,270.2,272.0,-1.02,122361.0,33504993.9,2024,6.35,28.18,5.74,5.25
2024-10-24,272.0,275.0,268.0,269.5,-0.92,163770.0,44230780.4,2024,6.35,28.18,5.74,5.25
2024-10-27,274.8,274.8,266.1,269.0,-0.19,99887.0,26969482.5,2024,6.35,28.18,5.74,5.25
2024-10-28,273.0,276.9,271.0,274.0,1.86,95243.0,26060826.6,2024,6.35,28.18,5.74,5.25
2024-10-29,274.0,280.0,273.0,279.1,1.86,137397.0,38230723.7,2024,6.35,28.18,5.74,5.25
2024-10-30,284.0,284.0,273.8,274.6,-1.61,104149.0,28729810.7,2024,6.35,28.18,5.74,5.25
2024-11-05,271.0,280.0,271.0,274.9,0.11,60229.0,16619621.6,2024,6.35,28.18,5.74,5.25
2024-11-06,275.0,275.0,272.3,273.0,-0.69,67161.0,18370801.7,2024,6.35,28.18,5.74,5.25
2024-11-10,278.0,283.0,273.3,283.0,3.66,229963.0,64516192.6,2024,6.35,28.18,5.74,5.25
2024-11-11,277.4,292.0,277.4,284.0,0.35,254169.0,72725949.4,2024,6.35,28.18,5.74,5.25
2024-11-12,289.0,289.0,280.1,283.0,-0.35,123454.0,35062144.8,2024,6.35,28.18,5.74,5.25
2024-11-13,288.0,288.0,277.0,278.0,-1.77,92524.0,25819160.2,2024,6.35,28.18,5.74,5.25
2024-11-14,282.0,282.0,275.0,277.0,-0.36,120893.0,33548872.8,2024,6.35,28.18,5.74,5.25
2024-11-17,271.5,284.0,271.5,277.0,0.0,171677.0,47989320.8,2024,6.35,28.18,5.74,5.25
2024-11-19,282.0,282.0,266.6,270.0,-2.53,226502.0,61495000.0,2024,6.35,28.18,5.74,5.25
2024-11-20,275.0,275.0,265.0,267.2,-1.04,161816.0,43383760.1,2024,6.35,28.18,5.74,5.25
2024-11-21,268.1,272.4,262.5,263.0,-1.57,136605.0,36218493.9,2024,6.35,28.18,5.74,5.25
2024-11-24,268.2,268.2,259.0,260.0,-1.14,130444.0,34025399.6,2024,6.35,28.18,5.74,5.25
2024-11-25,265.2,265.2,257.0,261.0,0.38,86962.0,22705551.0,2024,6.35,28.18,5.74,5.25
2024-11-26,265.0,271.5,262.0,267.0,2.3,151628.0,40214450.5,2024,6.35,28.18,5.74,5.25
2024-11-27,261.7,274.3,261.7,272.1,1.91,144323.0,39230689.3,2024,6.35,28.18,5.74,5.25
2024-11-28,275.0,275.0,267.1,268.0,-1.51,146197.0,39704195.4,2024,6.35,28.18,5.74,5.25
2024-12-01,273.3,273.3,257.6,260.4,-2.84,126602.0,33118020.4,2024,6.35,28.18,5.74,5.25
2024-12-02,265.0,265.0,259.0,259.4,-0.38,141548.0,36949471.2,2024,6.35,28.18,5.74,5.25
2024-12-03,264.0,264.0,257.5,259.1,-0.12,154867.0,40262855.31,2024,6.35,28.18,5.74,5.25
2024-12-04,264.2,265.0,257.6,258.6,-0.19,113115.0,29547670.1,2024,6.35,28.18,5.74,5.25
2024-12-05,258.0,260.0,253.2,254.0,-1.78,144582.0,36951675.5,2024,6.35,28.18,5.74,5.25
2024-12-08,254.0,257.0,248.5,248.6,-2.13,138694.0,34786138.5,2024,6.35,28.18,5.74,5.25
2024-12-09,253.0,254.0,248.2,251.0,0.97,65432.0,16385815.0,2024,6.35,28.18,5.74,5.25
2024-12-10,252.0,253.0,248.0,248.5,-1.0,59090.0,14767557.8,2024,6.35,28.18,5.74,5.25
2024-12-11,248.5,254.0,246.7,254.0,2.21,326528.0,81317981.5,2024,6.35,28.18,5.74,5.25
2024-12-12,257.0,257.0,249.9,249.9,-1.61,79664.0,20073271.2,2024,6.35,28.18,5.74,5.25
2024-12-16,248.0,250.0,243.1,244.0,-2.36,102083.0,25122761.5,2024,6.35,28.18,5.74,5.25
2024-12-17,244.0,246.8,241.7,243.0,-0.41,91884.0,22375207.6,2024,6.35,28.18,5.74,5.25
2024-12-18,244.0,245.0,240.0,241.0,-0.82,90082.0,21758239.8,2024,6.35,28.18,5.74,5.25
2024-12-19,240.2,243.1,234.0,234.1,-2.86,90144.0,21388330.3,2024,6.35,28.18,5.74,5.25
2024-12-22,229.5,240.0,229.5,232.8,-0.56,86622.0,20127094.2,2024,6.35,28.18,5.74,5.25
2024-12-23,232.0,239.9,230.0,237.4,1.98,67190.0,15857578.1,2024,6.35,28.18,5.74,5.25
2024-12-24,238.0,242.1,238.0,239.5,0.88,78642.0,18894092.4,2024,6.35,28.18,5.74,5.25
2024-12-26,243.9,243.9,236.4,242.7,1.34,93504.0,22550158.7,2024,6.35,28.18,5.74,5.25
2024-12-29,238.0,240.0,233.3,234.9,-3.21,93411.0,22076252.4,2024,6.35,28.18,5.74,5.25
2024-12-31,232.0,232.5,226.0,229.9,-2.13,93920.0,21453344.5,2024,6.35,28.18,5.74,5.25
2025-01-01,225.4,234.3,225.4,232.0,0.91,42754.0,9887129.5,2025,3.85,76.08,3.38,3.5
2025-01-02,234.5,234.5,228.4,231.0,-0.43,49251.0,11349880.5,2025,3.85,76.08,3.38,3.5
2025-01-05,234.0,234.0,229.1,233.0,0.87,59306.0,13728562.9,2025,3.85,76.08,3.38,3.5
2025-01-06,237.6,242.0,232.5,242.0,3.86,112178.0,26565508.5,2025,3.85,76.08,3.38,3.5
2025-01-07,242.0,246.8,240.0,242.9,0.37,76468.0,18615163.7,2025,3.85,76.08,3.38,3.5
2025-01-08,247.7,247.7,240.2,245.6,1.11,88707.0,21742326.5,2025,3.85,76.08,3.38,3.5
2025-01-09,247.8,247.8,241.5,242.5,-1.26,98600.0,23989401.6,2025,3.85,76.08,3.38,3.5
2025-01-12,247.3,247.3,237.0,240.4,-0.87,59964.0,14393376.0,2025,3.85,76.08,3.38,3.5
2025-01-13,241.0,241.0,233.0,235.0,-2.25,76132.0,17970368.2,2025,3.85,76.08,3.38,3.5
2025-01-15,237.0,238.0,232.1,232.1,-1.23,41208.0,9682764.6,2025,3.85,76.08,3.38,3.5
2025-01-16,233.0,236.0,227.0,231.7,-0.17,100292.0,23116273.5,2025,3.85,76.08,3.38,3.5
2025-01-19,231.7,240.0,229.2,233.6,0.82,85116.0,19877509.3,2025,3.85,76.08,3.38,3.5
2025-01-20,238.0,238.2,233.0,234.9,0.56,37747.0,8897525.6,2025,3.85,76.08,3.38,3.5
2025-01-21,231.0,240.0,231.0,236.9,0.85,59830.0,14161806.7,2025,3.85,76.08,3.38,3.5
2025-01-22,240.0,257.8,237.0,257.0,8.48,359894.0,90416366.3,2025,3.85,76.08,3.38,3.5
2025-01-23,257.0,264.9,252.0,252.8,-1.63,216378.0,55547956.1,2025,3.85,76.08,3.38,3.5
2025-01-26,257.8,257.8,248.0,249.0,-1.5,148144.0,37198502.7,2025,3.85,76.08,3.38,3.5
2025-01-27,251.0,253.2,243.0,243.9,-2.05,125084.0,30946112.7,2025,3.85,76.08,3.38,3.5
2025-01-28,243.0,252.0,243.0,249.0,2.09,146352.0,36452190.9,2025,3.85,76.08,3.38,3.5
2025-02-02,250.0,268.0,250.0,264.5,6.22,298050.0,77689908.9,2025,3.85,76.08,3.38,3.5
2025-02-03,266.0,284.0,261.7,265.0,0.19,428830.0,115655773.9,2025,3.85,76.08,3.38,3.5
2025-02-04,270.3,270.3,261.0,262.1,-1.09,168102.0,44497414.8,2025,3.85,76.08,3.38,3.5
2025-02-05,262.2,264.3,259.0,260.0,-0.8,168019.0,43905010.1,2025,3.85,76.08,3.38,3.5
2025-02-06,263.0,265.0,259.0,261.9,0.73,121772.0,31823319.3,2025,3.85,76.08,3.38,3.5
2025-02-09,263.0,265.5,257.0,257.9,-1.53,100044.0,25976425.2,2025,3.85,76.08,3.38,3.5
2025-02-10,256.0,260.0,253.1,255.9,-0.78,113917.0,29156938.4,2025,3.85,76.08,3.38,3.5
2025-02-11,256.0,258.0,251.4,254.0,-0.74,86887.0,22046089.2,2025,3.85,76.08,3.38,3.5
2025-02-12,254.0,258.0,253.0,256.0,0.79,130832.0,33384164.9,2025,3.85,76.08,3.38,3.5
2025-02-13,254.0,265.0,254.0,263.0,2.73,351110.0,92334291.7,2025,3.85,76.08,3.38,3.5
2025-02-16,263.0,276.0,262.9,271.0,3.04,522847.0,142143519.4,2025,3.85,76.08,3.38,3.5
2025-02-17,272.0,278.1,270.0,270.0,-0.37,319163.0,87460437.9,2025,3.85,76.08,3.38,3.5
2025-02-18,270.0,274.3,265.3,268.0,-0.74,198103.0,53464709.6,2025,3.85,76.08,3.38,3.5
2025-02-20,262.7,270.0,262.7,264.0,-1.49,151316.0,40218001.5,2025,3.85,76.08,3.38,3.5
2025-02-23,269.0,283.0,255.1,274.0,3.79,421597.0,114197169.7,2025,3.85,76.08,3.38,3.5
2025-02-24,276.0,289.0,276.0,285.5,4.2,1087247.0,310280808.9,2025,3.85,76.08,3.38,3.5
2025-02-25,286.0,302.0,286.0,298.0,4.38,1003779.0,297577433.2,2025,3.85,76.08,3.38,3.5
2025-02-27,301.0,310.0,292.1,299.0,0.34,614915.0,185221227.2,2025,3.85,76.08,3.38,3.5
2025-03-02,304.9,304.9,290.1,298.0,-0.33,565551.0,167258948.8,2025,3.85,76.08,3.38,3.5
2025-03-03,303.9,306.0,298.0,299.0,0.34,723046.0,217791410.6,2025,3.85,76.08,3.38,3.5
2025-03-04,299.0,304.0,292.0,292.3,-2.24,450812.0,134427060.2,2025,3.85,76.08,3.38,3.5
2025-03-05,292.0,295.0,285.0,290.0,-0.79,500149.0,144694064.8,2025,3.85,76.08,3.38,3.5
2025-03-06,292.9,292.9,286.0,288.0,-0.69,248935.0,71840949.8,2025,3.85,76.08,3.38,3.5
2025-03-09,288.0,289.0,278.4,279.0,-3.13,305110.0,85900557.1,2025,3.85,76.08,3.38,3.5
2025-03-10,274.0,285.0,272.0,274.0,-1.79,237950.0,65950859.7,2025,3.85,76.08,3.38,3.5
2025-03-11,279.4,279.4,268.0,268.0,-2.19,278347.0,75725783.4,2025,3.85,76.08,3.38,3.5
2025-03-12,268.0,277.3,266.7,277.3,3.47,220117.0,60169404.3,2025,3.85,76.08,3.38,3.5
2025-03-16,271.8,278.0,270.0,271.7,-2.02,215254.0,58636489.4,2025,3.85,76.08,3.38,3.5
2025-03-17,268.0,278.0,268.0,273.5,0.66,191405.0,52362167.0,2025,3.85,76.08,3.38,3.5
2025-03-18,278.9,278.9,270.0,271.0,-0.91,121492.0,33126704.6,2025,3.85,76.08,3.38,3.5
2025-03-19,274.3,274.3,265.0,266.0,-1.85,132074.0,35387847.9,2025,3.85,76.08,3.38,3.5
2025-03-20,260.7,268.5,260.7,266.4,0.15,147825.0,39223434.6,2025,3.85,76.08,3.38,3.5
2025-03-23,266.4,268.0,257.1,257.92,-3.18,182324.0,47697236.4,2025,3.85,76.08,3.38,3.5
2025-03-24,252.8,266.9,252.8,264.8,2.67,161450.0,42459355.1,2025,3.85,76.08,3.38,3.5
2025-03-25,264.8,264.8,255.3,257.36,-2.81,150982.0,38922447.1,2025,3.85,76.08,3.38,3.5
2025-03-26,252.3,265.0,252.3,263.45,2.37,170794.0,44680541.6,2025,3.85,76.08,3.38,3.5
2025-03-27,263.0,272.0,262.0,270.63,2.73,236780.0,63529695.5,2025,3.85,76.08,3.38,3.5
2025-03-30,270.0,283.0,270.0,276.91,2.32,351548.0,98030346.5,2025,3.85,76.08,3.38,3.5
2025-04-01,271.4,280.0,270.0,273.42,-1.26,283267.0,77421562.4,2025,3.85,76.08,3.38,3.5
2025-04-02,268.0,278.9,268.0,275.03,0.59,140359.0,38672901.5,2025,3.85,76.08,3.38,3.5
2025-04-03,272.1,279.1,272.0,274.99,-0.01,231903.0,63824896.8,2025,3.85,76.08,3.38,3.5
2025-04-07,273.0,278.9,270.0,271.7,-1.2,208865.0,57315064.5,2025,3.85,76.08,3.38,3.5
2025-04-08,266.3,273.0,266.3,271.23,-0.17,152730.0,41196988.0,2025,3.85,76.08,3.38,3.5
2025-04-09,265.9,279.1,265.9,276.66,2.0,253367.0,70251382.6,2025,3.85,76.08,3.38,3.5
2025-04-10,277.0,279.9,275.0,276.79,0.05,148266.0,41144491.2,2025,3.85,76.08,3.38,3.5
2025-04-13,278.5,289.9,275.0,288.18,4.12,579092.0,165097589.0,2025,3.85,76.08,3.38,3.5
2025-04-15,293.0,300.0,287.2,294.75,2.28,777416.0,230672232.7,2025,3.85,76.08,3.38,3.5
2025-04-16,300.0,302.0,290.2,293.1,-0.56,387969.0,114704670.5,2025,3.85,76.08,3.38,3.5
2025-04-17,294.9,318.3,291.1,313.1,6.82,1608899.0,496114559.3,2025,3.85,76.08,3.38,3.5
2025-04-20,319.3,326.0,314.0,317.29,1.34,1090237.0,349186888.4,2025,3.85,76.08,3.38,3.5
2025-04-21,315.0,329.4,315.0,325.19,2.49,1341570.0,434597129.5,2025,3.85,76.08,3.38,3.5
2025-04-22,325.0,328.0,311.0,312.87,-3.79,831789.0,264938930.3,2025,3.85,76.08,3.38,3.5
2025-04-23,312.0,312.9,300.0,303.88,-2.87,1044422.0,318462354.8,2025,3.85,76.08,3.38,3.5
2025-04-24,300.2,320.0,295.0,315.74,3.9,919186.0,282818979.2,2025,3.85,76.08,3.38,3.5
2025-04-27,315.0,335.0,315.0,330.8,4.77,1604962.0,527453595.1,2025,3.85,76.08,3.38,3.5
2025-04-28,330.8,340.0,318.0,319.06,-3.55,907767.0,295586050.7,2025,3.85,76.08,3.38,3.5
2025-04-29,325.4,328.0,315.1,317.78,-0.4,743497.0,238521447.0,2025,3.85,76.08,3.38,3.5
2025-04-30,320.0,325.9,314.1,319.49,0.54,761583.0,244479396.3,2025,3.85,76.08,3.38,3.5
2025-05-04,323.5,325.0,306.0,307.59,-3.72,746760.0,233899911.3,2025,3.85,76.08,3.38,3.5
2025-05-05,305.0,310.0,301.0,304.38,-1.04,624608.0,190185065.6,2025,3.85,76.08,3.38,3.5
2025-05-06,298.3,311.0,298.3,303.95,-0.14,551624.0,168730108.2,2025,3.85,76.08,3.38,3.5
2025-05-07,303.95,311.0,299.1,305.61,0.55,693958.0,212221520.5,2025,3.85,76.08,3.38,3.5
2025-05-08,305.0,318.9,304.1,311.43,1.9,970157.0,304189344.1,2025,3.85,76.08,3.38,3.5
2025-05-11,317.6,317.6,296.0,299.05,-3.98,813386.0,248311266.6,2025,3.85,76.08,3.38,3.5
2025-05-13,293.1,303.5,292.0,292.5,-2.19,569699.0,168727215.2,2025,3.85,76.08,3.38,3.5
2025-05-14,286.7,296.5,284.8,285.83,-2.28,359414.0,104218843.0,2025,3.85,76.08,3.38,3.5
2025-05-15,288.0,291.0,285.0,288.79,1.04,311585.0,89584618.9,2025,3.85,76.08,3.38,3.5
2025-05-18,289.0,294.0,287.3,288.26,-0.18,229807.0,66806784.4,2025,3.85,76.08,3.38,3.5
2025-05-19,282.5,295.5,282.5,292.03,1.31,232221.0,67805811.0,2025,3.85,76.08,3.38,3.5
2025-05-20,286.2,310.0,286.2,302.8,3.69,322114.0,95967299.0,2025,3.85,76.08,3.38,3.5
2025-05-21,308.8,319.0,300.0,301.03,-0.58,526134.0,161345659.5,2025,3.85,76.08,3.38,3.5
2025-05-22,295.1,308.0,295.1,300.11,-0.31,307238.0,92823966.7,2025,3.85,76.08,3.38,3.5
2025-05-25,294.2,303.9,294.0,295.38,-1.58,244603.0,72687476.6,2025,3.85,76.08,3.38,3.5
2025-05-26,301.2,307.0,293.3,295.19,-0.06,393349.0,117414021.8,2025,3.85,76.08,3.38,3.5
2025-05-27,297.0,300.0,292.0,295.96,0.26,229154.0,67898536.1,2025,3.85,76.08,3.38,3.5
2025-05-28,298.0,301.9,294.1,296.45,0.17,354811.0,105556531.2,2025,3.85,76.08,3.38,3.5
2025-06-02,302.3,316.0,300.3,314.62,6.13,1199802.0,372945116.9,2025,3.85,76.08,3.38,3.5
2025-06-03,320.9,320.9,306.2,307.82,-2.16,378399.0,117219517.2,2025,3.85,76.08,3.38,3.5
2025-06-04,301.7,314.9,301.7,308.57,0.24,386005.0,119416733.8,2025,3.85,76.08,3.38,3.5
2025-06-05,302.4,314.0,302.4,311.7,1.01,462000.0,143295124.8,2025,3.85,76.08,3.38,3.5
2025-06-08,312.0,317.0,309.6,311.08,-0.2,744969.0,232864969.5,2025,3.85,76.08,3.38,3.5
2025-06-09,304.9,315.0,304.9,310.48,-0.19,391739.0,121437163.3,2025,3.85,76.08,3.38,3.5
2025-06-10,305.5,323.0,305.5,315.31,1.56,834832.0,265156434.9,2025,3.85,76.08,3.38,3.5
2025-06-11,309.1,319.0,309.1,311.15,-1.32,441373.0,138034086.6,2025,3.85,76.08,3.38,3.5
2025-06-12,305.0,314.0,305.0,307.49,-1.18,314896.0,97418761.8,2025,3.85,76.08,3.38,3.5
2025-06-15,305.0,313.9,302.0,304.08,-1.11,511875.0,156183941.1,2025,3.85,76.08,3.38,3.5
2025-06-16,298.0,309.0,298.0,300.03,-1.33,460874.0,139607440.6,2025,3.85,76.08,3.38,3.5
2025-06-17,295.0,304.0,295.0,297.27,-0.92,261826.0,78063919.7,2025,3.85,76.08,3.38,3.5
2025-06-18,291.4,304.5,291.4,301.6,1.46,301193.0,90849511.4,2025,3.85,76.08,3.38,3.5
2025-06-19,304.5,304.5,295.0,295.9,-1.89,361070.0,107557106.9,2025,3.85,76.08,3.38,3.5
2025-06-22,294.0,299.6,287.3,288.08,-2.64,346558.0,100958934.0,2025,3.85,76.08,3.38,3.5
2025-06-23,284.0,293.9,284.0,292.53,1.54,219563.0,63600819.8,2025,3.85,76.08,3.38,3.5
2025-06-24,298.3,298.3,290.0,290.17,-0.81,175791.0,51310771.8,2025,3.85,76.08,3.38,3.5
2025-06-25,289.0,290.0,285.0,285.67,-1.55,213052.0,61068926.5,2025,3.85,76.08,3.38,3.5
2025-06-26,285.0,289.8,283.2,284.37,-0.46,227498.0,65121448.0,2025,3.85,76.08,3.38,3.5
2025-06-29,284.2,286.9,282.0,283.98,-0.14,299476.0,85049985.1,2025,3.85,76.08,3.38,3.5
2025-06-30,285.0,288.0,283.0,284.39,0.14,210365.0,59903183.1,2025,3.85,76.08,3.38,3.5
2025-07-01,278.8,299.9,278.8,297.39,4.57,332209.0,96897756.6,2025,3.85,76.08,3.38,3.5
2025-07-02,303.3,303.3,293.1,293.91,-1.17,179721.0,53232632.0,2025,3.85,76.08,3.38,3.5
2025-07-03,288.1,304.9,288.1,291.2,-0.92,162900.0,47565040.2,2025,3.85,76.08,3.38,3.5
2025-07-06,285.4,298.0,285.4,293.62,0.83,290983.0,85828862.2,2025,3.85,76.08,3.38,3.5
2025-07-07,293.6,297.8,290.6,292.09,-0.52,162411.0,47535966.3,2025,3.85,76.08,3.38,3.5
2025-07-08,286.5,295.0,286.5,291.49,-0.21,124860.0,36327931.9,2025,3.85,76.08,3.38,3.5
2025-07-09,285.7,299.0,285.7,295.02,1.21,393796.0,116194315.1,2025,3.85,76.08,3.38,3.5
2025-07-10,289.2,299.8,289.2,296.59,0.53,218803.0,64955195.6,2025,3.85,76.08,3.38,3.5
2025-07-13,302.5,307.0,295.7,296.67,0.03,289421.0,86186810.6,2025,3.85,76.08,3.38,3.5
2025-07-14,290.8,296.6,290.0,290.26,-2.16,206794.0,60408713.1,2025,3.85,76.08,3.38,3.5
2025-07-15,285.0,296.5,285.0,292.79,0.87,247287.0,72207670.8,2025,3.85,76.08,3.38,3.5
2025-07-16,287.4,298.9,287.4,292.61,-0.06,390367.0,114946874.3,2025,3.85,76.08,3.38,3.5
2025-07-17,292.0,310.0,292.0,306.09,4.61,470440.0,144186541.3,2025,3.85,76.08,3.38,3.5
2025-07-20,307.0,319.0,306.9,307.32,0.4,781600.0,245155723.6,2025,3.85,76.08,3.38,3.5
2025-07-21,301.2,312.0,301.2,309.75,0.79,392558.0,120822374.1,2025,3.85,76.08,3.38,3.5
2025-07-22,312.0,326.5,310.0,322.88,4.24,1150088.0,365879926.7,2025,3.85,76.08,3.38,3.5
2025-07-23,325.0,329.4,317.2,323.89,0.31,846769.0,274073809.0,2025,3.85,76.08,3.38,3.5
2025-07-24,330.3,330.3,318.3,320.84,-0.94,500892.0,161256554.8,2025,3.85,76.08,3.38,3.5
2025-07-27,322.0,325.0,308.0,310.18,-3.32,695153.0,219444963.7,2025,3.85,76.08,3.38,3.5
2025-07-28,304.0,314.7,304.0,313.67,1.13,459931.0,142248134.6,2025,3.85,76.08,3.38,3.5
2025-07-29,309.0,324.8,309.0,312.18,-0.48,499824.0,157476616.7,2025,3.85,76.08,3.38,3.5
2025-07-30,312.0,316.0,306.0,306.74,-1.74,332023.0,102764620.8,2025,3.85,76.08,3.38,3.5
2025-07-31,300.7,309.8,299.0,300.7,-1.97,488131.0,148132602.1,2025,3.85,76.08,3.38,3.5
2025-08-03,294.7,305.0,294.7,295.48,-1.74,313020.0,93121182.8,2025,3.85,76.08,3.38,3.5
2025-08-04,289.6,300.7,289.6,295.63,0.05,290388.0,85703902.5,2025,3.85,76.08,3.38,3.5
2025-08-05,295.0,298.0,289.0,289.69,-2.01,298941.0,87175931.8,2025,3.85,76.08,3.38,3.5
2025-08-06,283.9,293.5,283.9,290.49,0.28,163840.0,47644649.4,2025,3.85,76.08,3.38,3.5
2025-08-07,290.0,295.0,289.0,294.19,1.27,164637.0,48126666.1,2025,3.85,76.08,3.38,3.5
2025-08-11,298.9,298.9,288.0,288.56,-1.91,290368.0,84458340.0,2025,3.85,76.08,3.38,3.5
2025-08-12,282.8,292.0,282.8,288.04,-0.18,164752.0,47625018.2,2025,3.85,76.08,3.38,3.5
2025-08-13,282.3,292.0,282.3,288.33,0.1,137270.0,39702228.1,2025,3.85,76.08,3.38,3.5
2025-08-14,290.0,291.8,285.0,289.29,0.33,193740.0,55848434.4,2025,3.85,76.08,3.38,3.5
2025-08-17,288.0,291.4,284.0,285.27,-1.39,181589.0,51974565.3,2025,3.85,76.08,3.38,3.5
2025-08-18,290.0,290.0,282.1,286.48,0.42,169780.0,48487468.6,2025,3.85,76.08,3.38,3.5
2025-08-19,280.8,292.0,280.8,288.18,0.59,177968.0,51352136.1,2025,3.85,76.08,3.38,3.5
2025-08-20,282.5,290.0,282.5,286.37,-0.63,273321.0,78457799.2,2025,3.85,76.08,3.38,3.5
2025-08-21,285.0,288.6,284.2,285.97,-0.14,218215.0,62342478.2,2025,3.85,76.08,3.38,3.5
2025-08-24,280.3,289.0,280.3,284.12,-0.65,100316.0,28538797.4,2025,3.85,76.08,3.38,3.5
2025-08-25,280.0,286.9,280.0,286.07,0.69,78353.0,22298987.1,2025,3.85,76.08,3.38,3.5
2025-08-26,282.5,288.0,282.5,285.14,-0.33,137054.0,39105425.9,2025,3.85,76.08,3.38,3.5
2025-08-27,279.8,296.0,279.8,294.41,3.25,184316.0,53515267.4,2025,3.85,76.08,3.38,3.5
2025-08-28,291.0,296.0,287.0,287.56,-2.33,151856.0,44086393.3,2025,3.85,76.08,3.38,3.5
2025-08-31,285.1,288.8,282.3,283.14,-1.54,170986.0,48490262.7,2025,3.85,76.08,3.38,3.5
2025-09-01,277.5,287.0,277.5,283.29,0.05,83065.0,23480455.7,2025,3.85,76.08,3.38,3.5
2025-09-02,283.0,284.9,280.2,281.66,-0.58,144639.0,40871690.0,2025,3.85,76.08,3.38,3.5
2025-09-03,287.0,287.0,279.29,280.22,-0.51,128999.0,36200292.4,2025,3.85,76.08,3.38,3.5
2025-09-04,279.3,283.0,275.7,278.06,-0.77,134860.0,37533101.4,2025,3.85,76.08,3.38,3.5
2025-09-07,272.5,282.5,272.5,276.17,-0.68,94277.0,26102352.8,2025,3.85,76.08,3.38,3.5
2025-09-08,270.7,281.5,269.0,270.26,-2.14,127024.0,34439785.6,2025,3.85,76.08,3.38,3.5
2025-09-18,265.0,265.0,245.0,250.3,-7.39,22665.0,5682290.1,2025,3.85,76.08,3.38,3.5
2025-09-21,245.3,275.3,245.3,273.91,9.43,268607.0,71757811.1,2025,3.85,76.08,3.38,3.5
2025-09-23,279.3,285.0,274.0,281.0,2.59,189939.0,53262202.8,2025,3.85,76.08,3.38,3.5
2025-09-24,281.0,281.0,270.0,274.0,-2.49,167531.0,45817952.4,2025,3.85,76.08,3.38,3.5
2025-09-25,275.6,279.4,268.8,273.0,-0.36,108839.0,29631619.8,2025,3.85,76.08,3.38,3.5
2025-09-28,274.0,276.0,270.0,274.4,0.51,76227.0,20778240.8,2025,3.85,76.08,3.38,3.5
2025-10-07,270.0,273.0,263.0,266.5,-2.88,148622.0,39490972.0,2025,3.85,76.08,3.38,3.5
2025-10-08,266.5,267.0,258.0,264.7,-0.68,145358.0,37999856.4,2025,3.85,76.08,3.38,3.5
2025-10-09,269.9,283.0,265.1,265.1,0.15,219448.0,59913545.5,2025,3.85,76.08,3.38,3.5
2025-10-12,263.0,265.0,256.7,258.0,-2.68,149094.0,38737838.5,2025,3.85,76.08,3.38,3.5
2025-10-13,263.0,265.0,254.2,265.0,2.71,188193.0,49258132.8,2025,3.85,76.08,3.38,3.5
2025-10-14,261.4,269.0,257.1,258.0,-2.64,70606.0,18342444.1,2025,3.85,76.08,3.38,3.5
2025-10-15,260.0,263.0,255.4,255.4,-1.01,60991.0,15798865.8,2025,3.85,76.08,3.38,3.5
2025-10-16,259.0,259.0,250.5,251.5,-1.53,126265.0,31856095.3,2025,3.85,76.08,3.38,3.5
2025-10-19,254.0,256.8,249.0,254.2,1.07,65336.0,16606487.6,2025,3.85,76.08,3.38,3.5
2025-10-26,254.2,256.0,250.0,256.0,0.71,59330.0,14975345.6,2025,3.85,76.08,3.38,3.5
2025-10-28,258.7,269.8,258.0,267.5,4.49,156242.0,41300570.3,2025,3.85,76.08,3.38,3.5
2025-10-29,272.0,277.0,262.3,270.0,0.93,199404.0,53938897.2,2025,3.85,76.08,3.38,3.5
2025-10-30,274.0,276.0,265.0,275.0,1.85,178501.0,48644036.1,2025,3.85,76.08,3.38,3.5
2025-11-02,280.5,280.5,273.0,277.7,0.98,155658.0,43276775.0,2025,3.85,76.08,3.38,3.5
2025-11-03,279.9,281.9,272.3,273.8,-1.4,127510.0,35030519.3,2025,3.85,76.08,3.38,3.5
2025-11-04,271.7,275.0,267.0,268.0,-2.12,112866.0,30464084.3,2025,3.85,76.08,3.38,3.5
2025-11-05,267.0,270.5,263.6,269.0,0.37,124525.0,33173569.5,2025,3.85,76.08,3.38,3.5
2025-11-06,274.3,274.3,266.3,271.0,0.74,175613.0,47257305.5,2025,3.85,76.08,3.38,3.5
2025-11-09,271.0,273.9,264.0,264.9,-2.25,83521.0,22174240.4,2025,3.85,76.08,3.38,3.5
2025-11-10,260.0,275.5,260.0,265.0,0.04,62413.0,16483506.0,2025,3.85,76.08,3.38,3.5
2025-11-11,260.0,266.0,260.0,264.0,-0.38,60539.0,15974154.8,2025,3.85,76.08,3.38,3.5
2025-11-12,265.0,265.0,261.2,261.2,-1.06,96442.0,25452973.7,2025,3.85,76.08,3.38,3.5
2025-11-13,256.1,277.1,256.1,261.0,-0.08,96415.0,25247837.7,2025,3.85,76.08,3.38,3.5
2025-11-16,260.0,263.9,258.9,260.4,-0.23,85249.0,22218496.9,2025,3.85,76.08,3.38,3.5
2025-11-17,260.0,263.9,258.0,263.8,1.31,65432.0,17161292.2,2025,3.85,76.08,3.38,3.5
2025-11-18,269.0,272.8,260.2,267.7,1.48,158170.0,42473104.7,2025,3.85,76.08,3.38,3.5
2025-11-19,269.0,272.0,262.8,267.0,-0.26,70697.0,18847510.7,2025,3.85,76.08,3.38,3.5
2025-11-20,261.7,269.0,261.7,262.9,-1.54,54871.0,14541016.1,2025,3.85,76.08,3.38,3.5
2025-11-23,268.1,271.4,266.0,271.4,3.23,160089.0,43196346.8,2025,3.85,76.08,3.38,3.5
2025-11-24,267.0,279.8,267.0,278.0,2.43,183106.0,50692254.8,2025,3.85,76.08,3.38,3.5
2025-11-25,279.0,283.2,276.5,282.0,1.44,324409.0,90733520.5,2025,3.85,76.08,3.38,3.5
2025-11-26,285.0,285.0,279.0,280.0,-0.71,140395.0,39406645.6,2025,3.85,76.08,3.38,3.5
2025-11-27,277.4,281.8,277.0,278.0,-0.71,234751.0,65531843.1,2025,3.85,76.08,3.38,3.5
2025-11-30,278.0,281.9,273.0,273.9,-1.47,195403.0,54320237.3,2025,3.85,76.08,3.38,3.5
2025-12-01,276.4,276.4,271.5,273.0,-0.33,162358.0,44495836.7,2025,3.85,76.08,3.38,3.5
2025-12-02,270.0,273.9,270.0,273.0,0.0,71159.0,19401953.9,2025,3.85,76.08,3.38,3.5
2025-12-03,272.5,274.5,268.8,269.0,-1.47,86398.0,23378671.0,2025,3.85,76.08,3.38,3.5
2025-12-07,270.0,270.0,265.8,266.7,-0.86,84953.0,22659031.8,2025,3.85,76.08,3.38,3.5
2025-12-08,267.0,270.0,265.0,266.5,-0.07,61726.0,16531537.4,2025,3.85,76.08,3.38,3.5
2025-12-09,262.0,270.0,262.0,268.0,0.56,53043.0,14253667.2,2025,3.85,76.08,3.38,3.5
2025-12-10,263.0,269.9,263.0,266.9,-0.41,57771.0,15409268.1,2025,3.85,76.08,3.38,3.5
2025-12-11,263.0,268.2,263.0,267.8,0.34,88467.0,23583789.2,2025,3.85,76.08,3.38,3.5
2025-12-14,268.0,268.0,262.0,264.8,-1.12,108582.0,28739909.6,2025,3.85,76.08,3.38,3.5
2025-12-15,262.5,264.0,260.1,262.9,-0.72,76582.0,20080080.9,2025,3.85,76.08,3.38,3.5
2025-12-16,263.0,266.5,263.0,266.3,1.29,126754.0,33581172.5,2025,3.85,76.08,3.38,3.5
2025-12-17,266.3,268.6,265.2,266.0,-0.11,63425.0,16915005.2,2025,3.85,76.08,3.38,3.5
2025-12-18,266.0,267.0,262.2,264.7,-0.49,83618.0,22052784.6,2025,3.85,76.08,3.38,3.5
2025-12-21,262.0,265.5,261.1,263.0,-0.64,137022.0,36149234.7,2025,3.85,76.08,3.38,3.5
2025-12-22,268.2,268.2,258.0,259.0,-1.52,111105.0,28858315.7,2025,3.85,76.08,3.38,3.5
2025-12-23,250.1,258.9,250.1,255.1,-0.03,78597.0,20048311.9,2025,3.85,76.08,3.38,3.5
2025-12-24,258.0,258.0,253.4,254.5,-0.24,46345.0,11796645.0,2025,3.85,76.08,3.38,3.5
2025-12-28,257.0,262.0,255.9,261.7,2.83,130510.0,33805330.4,2025,3.85,76.08,3.38,3.5
2025-12-29,266.9,266.9,258.0,260.0,-0.65,96932.0,25238052.9,2025,3.85,76.08,3.38,3.5
2025-12-31,260.0,262.9,258.1,261.9,0.73,83344.0,21752620.5,2025,3.85,76.08,3.38,3.5
